id,label
252d840db,67
dfd946ac8,45
0c3ae4377,81
a31f90373,67
0bf251179,95
2dd56f346,69
d5320553f,68
e45a81eb4,4
6074e6638,43
1a5872fb5,65
2a5e80a12,63
5bb0fd4f7,67
a1a2e7691,30
fe2bfa700,102
0435e3c70,13
3d2ee2570,103
6ef2473d3,13
73ff3946d,73
2bf06cd03,75
5b3c21bc7,53
336577848,103
e9b9e8a26,49
aedb03983,82
49b260995,57
fac9307e4,75
1f36484d7,49
d6a792c0d,40
d828c217b,77
353bf092d,81
793a50bcd,103
25db0cefa,71
533d4492a,56
5d23a793d,74
49e871eee,4
7371defc6,43
18ca651a1,74
2adebc1b3,18
74f238044,4
27a95ef27,48
b1f3717dc,86
f789af170,50
461f4f5b2,59
852b5fb74,9
b2d489e27,69
c6492c817,67
f4672d1aa,80
64a27fd4c,72
31323febb,93
bff69770d,73
df89c0568,69
eb0a53a24,13
4f06ca2cd,67
392d70bc1,14
4e686a694,17
e646d3124,41
b57f67883,91
650d157b1,94
2cccd8e5e,46
014bc73f0,29
c0f132f35,102
5f15c8bd6,4
e237880ca,67
7fdb2b868,2
1d73e26e9,67
7b1773554,59
38c7f43d6,89
ed4b21055,13
f07838a9e,78
c4c78dc65,4
797ae6066,52
a13beee25,25
00ff2c720,95
dcdf04ae1,67
7a552ca1c,62
a7857a9be,53
5a74ce4ab,103
63d16d8d7,73
13c92db23,0
c832cf426,73
24aae97eb,73
587e44cea,103
f1177451e,64
81cabee91,7
87a93b8d6,11
ccf2ec80c,67
ac937c18b,48
09ebedf6a,49
b7af85f6e,103
0c548045a,25
54cd18535,53
2d8716e8b,103
e611f94be,4
f80c8bbf5,24
9e07d0aad,22
a73af3677,14
74973ce69,7
79686d60a,4
348bfc268,0
842297200,12
d2a45014c,4
31fd82f08,103
14be34092,99
36be47274,64
95f9e2bd3,13
f80b1c8c1,75
c8f0b4717,77
8b11c130a,49
5e0da2b1f,67
4c742de40,67
1f937e111,96
7dcf1e590,56
0d9e342f6,43
08b4c02fe,67
b65acd50b,13
5e5acfa07,80
fd7cd952e,69
075602d66,13
fb61eca01,102
e67454090,79
32c22cba6,6
2ae7f866e,53
c8349d602,49
c82045295,12
416b038b2,67
d702d0c15,41
19b1f6ed1,82
1559449c3,102
5ccc5c940,103
b9a6f2dab,50
26b07058c,102
f563b8f1b,97
a645ada8e,103
485e088fd,49
1153cf999,103
cb1fa5404,49
505515f6b,14
9fe3b171a,61
0a399baa5,4
42dc18525,83
43ccfd5e2,67
8a361b630,80
51f6d891d,0
6c7e15c23,47
43b2ec735,4
ab54ef65b,67
925f36b79,91
0787857e3,60
f49141ac9,49
0e1fdb95a,49
a7088bd2f,53
cd4179139,4
d375ebc76,49
79cde037e,103
5d426c1bf,48
a025436a1,5
91fae734e,103
7560dda12,49
2b403205a,48
441472ae6,77
1ba32dd82,46
49f7cdb45,53
c11e44cde,16
278e2fa12,16
49f864fe9,79
702b7fc70,94
bada5fd0d,75
f4f248df9,48
86935b0d7,73
137107106,75
8fa0abb21,93
cc599caf1,4
a8e11ba37,75
ba9e184b1,67
8701aa4ff,35
d45c77b42,47
f1e56842d,98
1eabd5622,9
fbae2fb1a,49
230302d1d,67
530bde853,52
563c9008d,50
0fedbbf5f,4
151b27a24,67
4479d35f0,73
3a1396fa3,55
8ecdad441,67
fc85dadd3,67
3856fdbd7,68
186a8ff9c,4
e78504c82,68
132212f11,75
19f37512d,54
59d5309a8,80
5fdf59f6f,103
2198f8dae,45
6a6ad6ad3,102
fe843e592,103
e44ef0f10,49
5e4a5b406,28
a575e3bf7,83
fb60964fd,77
23f8fc3d9,48
05c992976,62
ae016f27f,49
926ed805c,7
20b4cff1d,87
a12ca9636,90
2e78d7d23,24
5b9abdbc8,86
ce6096353,65
f1c7db9eb,75
28462ed13,14
e69b66458,102
7b89cf590,4
93b754b97,67
894696267,67
5d1259367,42
b9ff3b500,88
ebb1d9137,102
855c94fc9,73
ac73af09f,1
b8ff15213,91
9a33c631b,4
bd3bf8f16,72
91a2ba8ab,94
d92df455f,102
280b71230,49
8fc79c991,49
3aa210981,25
dd33bfef9,77
69e5888fb,73
9090142e8,72
d7c938976,100
143b75258,21
6ef97d18a,76
7abf68943,67
bdf131dae,59
52378ff5a,74
c9a7eae13,74
e2567b48c,50
17118cb89,13
25f594d35,103
c0e0640c6,51
34302ff94,68
a16eb5fa0,103
aad6bc2bb,78
8d4368f5c,4
e469820b2,43
d81fb8241,102
0d4b7df42,71
f8b20dc7f,48
eab53f47e,69
6ad636b14,7
97a476deb,48
61486eb05,60
329581d4d,52
b87e16bc0,103
d8437a7f7,89
981396649,49
85c2ca274,51
f7019798c,94
b738a5ab0,90
931b0b249,94
d35565c6c,78
6fc119103,103
7725cb554,23
f0727012b,29
7b53e5791,67
ce5af8fc3,25
aaab6a867,44
dd9cf65da,0
13d3c108e,77
34cc8d691,30
e93da9242,12
46241640f,67
c77e635e6,13
0befbdd9e,94
b05b5e5ed,22
7484473e0,87
cffa6d1a4,103
b811b25c9,43
bb15fd515,4
ce1019f58,53
cc0e98f9c,91
d83d3fbab,90
1691d45e6,59
026d4082b,94
4fdd76274,4
a2fcedaf7,67
62e32ec91,0
ed8c3c3f8,34
7dc69b4eb,30
b7c137651,64
c4d436848,93
07ccfbc89,53
a0c7302d1,87
1eba038ad,4
a7caedcb0,68
92673a9aa,4
8128b8af9,48
8a8eefe09,67
ce6303fec,52
aa560af38,103
9ed2586ca,4
a64d32c6a,73
a10a0b280,47
3d95467fe,88
b145790f2,0
e9a2109c0,53
7593bf7d9,103
09adc5faa,67
1314201bc,53
787578be9,82
719a12da9,74
4d178a6b4,73
47c4e4fce,49
903a3ee76,45
94a7c5ed2,24
3c5103dc0,103
11db2e1d4,51
e2e81b2c4,39
cfdfb9028,91
4e7bdb1cb,95
8ccdebad5,48
440daa96f,54
953076db7,96
32d710e55,78
1a5d9c089,4
364e07591,37
599d64d01,102
63eb884ce,54
1ff3a322b,103
627f0996d,49
eb2216bf9,0
1b07b0a53,47
bbad1c1a8,39
b6cb0c2b8,75
0f6325318,52
03af10094,14
462a4b1f1,8
d4350350c,71
7472f2db4,87
f5aa796ed,53
4eac8e323,72
50c36b121,50
92be2245d,6
1a0fb01d4,43
d2927e981,4
de4b24dec,72
2043fd8b7,48
464ee7908,67
f0e6a679a,4
87acecd2a,67
3962a6493,48
acd745458,102
8d73023b6,48
9c5095d94,51
74f0d70ef,51
dc826db21,11
2ceabb5ef,49
750bae291,87
29add8561,103
00e3084c1,100
d91b12e12,94
81d39b116,50
9b2c62063,9
677dcf9b6,68
fc2f9869f,48
c38903943,73
e6c5fe236,48
5817b58d8,53
9d3f09890,13
1c8122f7e,87
e8475ad43,103
6e74639ff,4
06acca7ac,73
c50ca0af5,10
9e4eb029e,56
8dc5fdc92,67
e4d72ce27,24
6094552e3,14
15cb0c24a,4
1c3a7bc99,96
b20b97998,48
c652a7499,53
529f2ee42,77
da98b5bac,47
cf3047df1,4
4afd6043f,68
0e6c034cd,103
9a970ddaf,93
7a26fec2c,93
6a69d191c,86
acc347bb6,4
4dfa64964,70
1b4b7b0aa,4
29bfe409f,51
e3bdad3bb,30
8d5b79bb4,50
a6ade9e09,28
c8e30f4c4,67
d4bf7a89e,103
f9f196acc,34
aef983095,4
5beab41c5,103
70cbc35a5,86
5112d23be,53
69c31f86a,42
b9a264608,90
95eaa8650,47
3714d19b7,64
8e9cb9e5f,39
8bf87e69c,76
74f1c073c,74
805888e57,78
21ca80954,103
902b5770f,103
090a1154e,42
3653292ac,49
4ff54212e,10
edca7ed7e,5
6b8d9d74d,49
2c061c902,103
979be015f,70
2ca0a45cd,26
1bbceba89,42
433c9564f,94
8fe3eca19,103
c62460407,90
96df0c6bc,10
4591d2725,0
4dfea8574,51
394eed0ec,103
3a1d5b5db,67
c5c1962bb,49
ebd098414,53
018353f1c,49
547e41140,67
1e59b9929,37
4479a460c,75
69f5b082c,87
993b3757b,49
a666bcc36,10
f4684cdeb,67
2482d97e4,51
95eb4c83a,67
17625283c,4
42acf797c,89
f51e1baf9,6
689eb9f68,68
57d893ed7,55
a829407c3,7
47f8f7372,9
9d9605a15,48
30ecc23d5,48
da176437c,87
b845a0f00,10
b0f5721ca,4
754eab3b5,73
5fab0c048,53
9e99e1332,100
7f4520e95,80
1c4736dea,28
6e644aad3,49
98f62f563,69
855229539,77
512aaea7c,88
b57dfb28a,25
3cf6321ab,0
a83db002c,80
ac0930c4d,4
2fafd906d,18
41ab6b40a,49
ac6d42eca,102
4e5e899bd,53
eb86fad74,4
efa3cd848,48
c476f6495,103
954d0fe63,14
8d53d2814,103
f5b855bb6,92
1ee5a55be,28
22f63c29b,103
ce71e2dfe,94
94db73148,40
56e5b72fb,78
5b8579555,63
c145a87d1,67
54493a1bd,49
558548e53,67
a0277cf50,71
58dc520a5,34
80c048cf1,4
ea7342d9a,86
f20ae4712,53
165766e9b,10
ad2e27bb5,9
689a0fbd7,4
7827a1d5b,45
c2a426d70,24
07550addf,7
a8f945820,53
c127de43c,4
df723f46d,77
240684145,49
33fd32684,48
0d9ca96d7,74
8a4293e72,4
06ebbb560,4
b364e8688,70
65ad58f26,30
1d73dffbc,67
1fda84008,82
492cb82ee,91
da83fb069,75
501117624,48
27eb5a7ee,50
8cb3a6ba1,4
05dc093b8,43
5ced5d4a8,4
4c9f8b6cb,73
ab218ac50,53
2deaeb284,67
4181595b9,57
6f509e3dd,29
656cc827c,73
75001ddea,54
011d32580,7
35396fb82,30
0b9841d58,53
daa970cd3,67
0a159c5f5,4
63655033a,62
cc9db3d3f,49
3aafc89b3,71
7aa990232,24
33948db2d,103
51c386b65,10
5d0017929,91
f2d41d6c3,4
e08032ac1,103
99c14d554,103
c2d8b52f0,103
cb697da69,94
7db72601e,67
af5e2bbd4,45
18d41400e,13
a3160e2c1,73
e3c7bb70c,68
be2773579,14
5bae6010f,49
5464a7e4b,95
8a693ad10,68
965dfff6a,57
af4873fe3,81
329d815e5,93
1d1f028b2,73
0d989f57f,72
26a59215c,4
598a1c3d9,68
e3efeee68,72
88f6fd6e4,51
ce17d08ea,82
61f976a63,77
c0654d4f5,69
462e25ba9,8
fae67c6fb,24
bcbb5c787,50
692cfa850,50
a67c5bc5b,53
57ca642dd,102
07aad3ba6,41
0bb9c3f30,88
a66f7bbc6,4
f7ad645eb,78
a8b46288f,5
6233d3e01,76
55a2149cb,47
6e7629a9b,50
5235c6c53,54
9c73592f0,67
29a02c757,63
9aea1d3b4,13
2ae85b034,53
2ad779d27,4
e3b9acc43,41
3a01c3e88,59
a9f3ec5aa,49
868f3ca31,52
ca2cc5375,4
5fed86a73,48
15442a507,5
02821f581,95
a81b149d6,49
29d710a29,103
77628c813,67
e87c94e9b,41
94c53b0c3,43
8ca2371d5,4
c8b1673ca,67
7c2f23622,7
bfcedb4e7,59
1d1b18d38,69
474219bf8,103
bfb86b915,88
d503d72f3,26
347f41bd1,0
d493e1205,67
4f855f8ce,90
53cf1033d,21
a7f1fb92f,67
0dffe81ea,67
5e2692d15,6
c7ab8e645,53
1fb27e305,87
53cd52d9a,68
867374cad,103
c357e5a70,70
127e61a47,46
156c0950f,72
6eeec13c3,82
5e45c97c9,79
fc3f3fa1f,28
04cbe7a50,97
df38bb8b2,28
b56ccfec7,48
577793268,88
e9178e294,0
516a450b7,56
536842c4b,92
f93b17627,47
5233ee8fe,45
5d17abe47,42
0905820a2,96
b5fdbbd19,71
74a2503cd,67
60372c4bb,67
6d822303c,14
01863f6d7,49
17f8af701,68
fb87ee5a3,46
4d4c87a41,79
1fea6253b,75
0fc65150e,15
48b84677d,32
0fea673a3,52
41a1ca700,79
4374d5272,77
92ec435fc,14
d28273036,74
a31e545e0,4
5cc2f95e9,90
f534d4ae1,76
e4ba02634,68
187b49cc5,102
8a4dedc87,69
9f80990ad,103
e87044bc2,12
75753e7b1,47
3433a69c3,4
a39a47b84,68
1d808a2d1,76
aba2f346f,42
5a3dafc67,89
532eacbec,95
5ed06cc85,47
ac3ed3cb8,67
8a5e6e01a,7
b7ad7d574,103
439c8664a,86
9d8d9607d,14
07565a412,1
6f3f4d188,67
8b0062584,43
fdf7c8fe5,49
7da20ceb0,62
f1495d941,67
038c1315b,71
1d51372a8,95
0f40f447a,7
6f0d8372e,82
9199afd98,12
334df9a32,13
e758b0185,74
de8fd4020,93
470847079,76
f2ef2873a,43
5628f5deb,96
af7eab8ce,69
a8ae0ccc3,31
75906e681,73
bad8d3e9f,53
730d2b0f4,67
2476c4270,9
0aeacb28f,4
6d260c2c4,70
42f3a0c03,13
2382c277f,75
a13259e0d,46
5cc793cd8,73
e72c5d3a9,103
83f7c30e9,67
001e13533,83
978d9e4ce,18
201a74da3,27
67a3ff9db,90
af8f1a4cb,80
2a8131dc4,18
656a556b0,80
8a9b13bef,13
99d0b77f9,93
805f78d97,82
84b6560ee,25
ccefc605e,73
c90849e35,75
5db83d658,103
a5566ef23,53
c6e5bc142,67
bc08f60aa,49
6a69a6ae1,30
ae78a484f,103
71d454f1c,103
2ec1937d2,103
5083ce580,37
f7fe0d522,14
d970c4ffc,24
f62c0973f,4
7e8d0ab34,48
070a1abea,49
e68152d61,4
c93150ab0,88
6bc2469f2,73
656851f72,103
c6c801e09,67
ff2e1b825,103
22b20a20f,7
99b639774,77
8b31b6453,73
23c567b03,93
42090e3bb,50
99e7f0526,14
546ea2a87,67
1f673a775,32
23052c6f1,77
ba23c645d,95
4fe7886e1,103
116dfb5a5,55
ddfb8f27b,34
3c98993ff,102
611876e26,30
15bbc7306,103
26cf9ecfe,73
06631da4c,75
738116e15,41
24526b077,30
8e07cbf1b,78
7adb142c5,49
8d60b7464,49
a31b18ea9,19
413305146,10
0623719c0,4
8a1f6d193,82
79c5126ce,4
43e458e40,67
66f455e67,48
2e1a7e4a8,71
763b49b1c,71
738989c7d,14
7d04df1ca,95
9244f8d54,67
97808297d,24
337ffc67f,82
dfceb73a0,94
99e810fa8,25
974a99cd3,53
07d138d01,77
e5eca71e3,4
141ee85b9,102
26f0c457a,53
60c0ff1b2,22
b82ef433b,74
a0affbd33,4
a195eb3f5,67
1cb630a6e,77
124b3526c,10
2c8f66cc6,68
ce27113a5,73
49fc70cb5,91
4adcfb275,53
f52f85873,102
ed55bdf99,45
68e8b6b9a,102
6db9ae896,67
d9a466069,95
ccde3ea45,12
18ce23111,67
175e8c4fa,43
d415cf45d,103
848c7cfe9,103
d16bd1260,82
0cec3ad84,48
24bc9be2b,90
708c1099c,4
ceb261e4c,103
320890eb5,4
2da86b144,79
57b85fec4,22
7ae85e90f,102
afa55360f,73
f116f4ff9,76
6f09acc36,27
4f4f5f14e,67
6e3ac91be,49
8d3aa53aa,8
b1845770d,41
407b393a9,53
176afa321,47
915159fd1,28
d0e1963b1,57
183896a90,13
2873bf12a,4
b63c59f86,49
4f8a37fb9,82
19c5ba9b6,103
39dbd326c,45
87a192226,67
e2a511303,57
afbd78d62,73
bc53d427f,4
2118eb37b,91
cd35b6b36,50
cee0a6466,49
be5a25da8,48
07f963c50,73
24dddb20c,9
d64daa728,103
706bd2088,51
76b0d0576,72
887cceb1f,102
157924ece,41
86f5cdedd,4
c61564271,5
c9f640a80,4
3f1a86245,90
875d12d36,102
18abb30af,56
085b33a8f,22
e75ba2d32,13
22cbf6e58,13
769f6fb8d,48
168f633fc,4
6180782c6,53
18a0fa20c,50
2b1fb675f,48
a7e869862,21
43c7672d1,103
48bf5c6c5,67
19b55b489,103
eecfcfd26,103
842be06bb,47
408db7399,53
e4e3d8a4f,80
bb5147a35,22
d35b47e60,0
eaf19ec05,40
fe824e9b2,102
eb0a1b58b,57
935518c47,47
ea95803b6,4
420e4c39d,75
ead4c9659,67
ee3c66211,53
151d03177,8
5d4811c9b,67
07b1b8c87,31
b96651b6a,29
fe30ebb03,47
486d538e1,68
f5e86abe9,47
14ffc1505,40
07b9edd52,93
9c3ca26e9,8
863e8afa4,4
f7ec97ce1,93
caff65f31,70
f7890fb5d,71
646e258ec,70
698676b2c,94
d1e91d28a,93
c4c9b5dc4,53
c92684487,65
056767c8c,14
50c9fd635,49
fc8428025,49
6abab3d7d,45
2cfc6468e,74
98cb45c72,95
4a3bed1ab,67
2c7a32907,90
07a4b0444,53
f8b87bb44,87
ee3c0e393,67
eedc4e2f1,102
4c8e7b1f5,14
e5540e0f5,48
874df1738,84
7ca677dde,67
832b85df9,67
f735fb308,24
c3ddcd12d,69
4a1d07383,49
b020fbff9,53
cc256396d,50
c20b4c81f,18
6387659fd,45
e59f4958d,103
a78af18b7,67
32a1d9f65,40
abc1d37b6,82
1b4edfea8,14
1e8c44cbe,28
1dae04aa5,10
62a682a26,17
25e5d12e0,67
c37a6f3e9,86
630ba700c,73
22149c3fd,67
07c0d22bb,102
b4663783a,102
4acd9d511,53
6066bf3b3,103
584b3a955,67
94d32655a,93
c8bec0f66,47
7acc72b45,67
8d8f3ee47,48
33a504d5d,87
06291a920,74
3231f45f3,53
7a7fefad9,86
2a0dc41cd,87
9f6708c0b,30
4b4291637,52
3b89f294f,54
32aa8548d,78
7c30e1a81,29
9b1b30062,50
246798d36,67
9679190dd,70
eea83069a,67
f7f45e1d2,40
1932af102,53
8a566296b,49
234f9781c,49
f4c6d5b0d,67
009b39e15,43
c3b24720b,18
b4aa13520,12
72337a91e,68
94cf9944d,73
3e0dee547,48
72c2a5cb0,26
ad34c1f34,64
5633f1101,67
5da2bfc47,39
e14129a0d,60
b94381f7b,75
8a7b93f64,75
02040055f,83
b5860475f,37
3b197ec5c,102
01337a0cf,75
e95f725f6,74
b1d61c023,67
cf1ad8706,27
e44a6c4d1,50
e1b63aee0,29
fbbd35173,48
178290233,47
a8a7882c3,102
08271595e,81
b14b95e77,0
eefdd0431,54
061e6510e,67
a7d9f1cdf,103
9935f0510,30
4a2dd1c8f,93
683ad13b4,68
333b45bf1,24
7e3809573,49
9d9654afd,4
ee652c6dc,49
9643a628b,4
ebc4dfd8f,67
5f813832d,4
2a0eb44d2,91
07b2fe99c,53
c293ccc31,94
54cebd37f,68
23a1a3753,45
de847e487,53
e576b00a5,21
71ee25b79,48
ab0af1000,49
cd15074d2,0
e730f38fa,72
eb5ed44cb,64
3bccc9014,30
bb0b0e551,57
fe6991e3d,48
4b7b43b7a,80
1aa8492a8,15
b39cc3832,9
450d37a38,95
de261e169,4
1baa33eaf,80
a6db0754e,13
11300f71f,49
13166036e,102
eeeb6b66a,45
4dbc5fc3c,103
46290bd98,13
092187ff7,4
75ef86e19,10
9d8d14332,80
3a29db605,99
27391414f,103
9e4d41ad4,86
50fcaf0ed,102
7eaff7aff,73
8b15247f7,49
7b151e3d1,10
25faa6813,50
e210dc4ed,103
f56efef52,59
43975ba66,67
d69c942d9,11
092be0405,102
98077910f,91
23620cfdf,4
1446df348,75
4ed9720ea,102
3127f8637,67
345b6fc68,70
20079ffd6,103
7fc99345f,98
05bd91dd4,103
d3ccdf536,14
4e43a75b1,0
ea72034f5,53
c86b6ee78,28
4f02105f5,103
352d983b1,5
fee2ad37f,67
ab473d0fb,11
dce29c03a,83
39902d722,102
c571990d4,16
76c56dda7,75
149d11de6,53
138275e36,71
6a22f0ccf,76
9b8caede3,4
564305f6f,56
c337a455d,4
084527620,76
e178e1fbb,67
504495975,49
6c80cfb8c,67
aab3a2289,28
557117401,77
3daf5597b,83
ca53ebc3c,38
87fde6edd,22
bda7820cb,49
ca8726968,73
bcd08a7dc,85
a5ae66568,14
49add67af,80
8a18b9699,82
b764d3dd7,30
9dbd813fd,0
f4fee0e27,50
8eb564814,70
ce934c0dc,90
53f3609ad,4
f247862ee,71
f9b3f2991,103
5954098e3,96
8261e8f5b,67
e2e8f7c06,80
cb3bdf3e7,17
8ab8cb727,12
31750199b,36
1f21ecd18,4
58dbde095,24
2ee9ba725,47
ab254cf0a,95
ddaef039b,54
7d540187a,103
1d24f052a,10
a670f0c43,68
7e517b238,22
4d05e9395,83
7683668d8,33
6896dbe36,100
5153e1522,13
66d3a82e2,103
15ef197c6,84
5c6e09f5b,13
c17b6ab8f,14
27dc84ff6,103
f3300dab1,75
8d4c9f88e,18
c67858398,14
182c9e6ef,73
5d58d5dfe,68
b2982bed5,103
7864cabe3,50
03a46c116,86
8ccadcb08,48
5453d7402,96
c5b5ecb0d,48
762c5e25b,97
2b9959134,83
0698ae8e2,94
72589c9b2,14
35b896087,4
0bb20e5d8,53
df76ddfcc,67
059ee98dd,10
34f820893,41
abf65b6e6,90
1bf635fcd,103
f38eac7db,67
cda807af3,4
34d736b06,4
ada310267,13
8ed239a08,62
1f750d4e6,70
a63f52d9e,48
6f88cabe1,80
d9924befc,17
9a1e64ece,28
99caeeea3,73
8f8ba278f,102
630d3e7b9,4
4165e5bec,5
0354bcfbb,67
209b4da16,4
85e1dd858,73
157be3bb4,52
cc99ce5cc,68
10acd2f2c,73
ce6b9b704,4
367f31c9f,74
10c508f77,73
60e8a1d83,18
f553000bb,70
39df767ca,86
b5a739d1d,67
260517e44,71
6601f2903,68
0abb8d338,56
cdb8be610,4
8ba970109,43
f5d022470,55
707760045,37
dfbb8c112,90
f2db90ee7,103
7163520df,67
4dc902039,103
04d9215b3,4
95b5120db,47
ecf751fe5,18
a91e7f455,59
78ccf47e4,49
0fccb02fa,74
2a459a0aa,87
dd0839e53,48
8904c358d,48
50ff8f2d0,30
db86084d1,64
da9de3c05,77
288feaf8f,67
7d2140905,47
786172ac6,48
f16b615a7,62
2bc4dc850,72
97ddeaac9,93
27f69132b,10
65b44f1fd,102
760d22629,79
49f2b41a5,4
b71543e42,48
60a40c037,49
498d46ee2,86
666f4d363,48
353d4bd0e,76
7d5d89bf4,91
f67596886,103
e267693a6,95
0119427db,17
f6c766f77,57
73acd2065,18
ca2f4b9ce,4
096df77da,49
6ebd051c0,5
a6732ac2e,68
4ce386ab0,14
ac28e9c47,76
c19d02d04,67
31a7d4530,70
440128919,4
532160a43,60
35c39adf1,40
2d3c0a80b,103
49b354ce4,74
92d8c290d,67
1327f9bd0,49
ac1c8b1a1,9
fc6fa6753,62
09c8ebae3,22
dde8d3397,49
7b46c52c3,73
92cf1594a,75
564564fa1,71
1c946e0a0,24
8fdb0b741,50
78c02c2f5,49
3c5f0c3b4,13
2655440a4,4
62e5874bf,14
755794886,14
17d0be640,75
b9811a813,96
ea072301c,63
1f00c0495,68
f337de2b3,94
1a6b89e31,70
1c08a7736,77
b765dfa87,73
def4dc802,31
241a96f41,103
41af5743a,64
8848222b2,83
c21cd70d4,52
1fe1e5c34,94
df23921b2,8
0d69ec15a,65
6d7ff30b8,103
8d44b6bfe,79
85c40deca,68
1ffdf0d9b,62
c52257cf9,30
a794b05cd,102
35f0035c1,68
f7696fbde,13
897a2400b,67
e8cb185dd,70
ea915b13b,45
ddd24583b,80
849e05914,103
8ef4a7754,82
95e7165a3,14
2ee5a9066,28
a497a8c2c,73
58a2ab14d,43
97d3f3707,50
33b9d73b8,4
f0e91b85a,103
ef799e46d,42
671c7b595,102
563a8d7df,103
257de6c9a,10
f05894941,5
2b4be937e,12
736b7b278,14
2542212f7,73
06d517e80,82
f247352ee,39
a4e32e242,95
6a414bfdc,65
a405112f8,88
5b229190a,51
28aef7cc5,47
c68758b00,53
b57325fc7,53
9e3ca10fb,15
d710d0940,75
b77626f46,73
ac184d84a,87
202b90ad1,49
36568fe64,68
f1ccc8566,74
0664c88a1,0
e914d195f,4
f638bd582,67
dd6301145,55
65ce506a1,43
6bf4a58b1,67
166c6bbf7,72
b82ecce8e,13
79901d55e,59
9b9381ad6,42
d6503fc7a,53
745cf5ce0,73
edf6883b2,44
cfebc1eb9,47
9b9dcd9c2,103
6144fcc9c,96
bc4b01a52,97
1ed9fc0aa,103
8f4e1b979,85
9dec6e6da,84
23cce6771,82
6129c13a7,53
7cb805a4b,49
a7464ddab,0
3ef916a55,4
9ff26d18b,103
e7f0f1e63,57
0ec158f7a,101
60b3c1ec6,83
3081eb3d7,72
b067fabd8,48
f34e6c4db,40
f1e71c574,103
2af766509,21
40eda589a,102
03c4126b4,4
87f6a1325,73
b0d928a20,103
9da5c57ef,56
f880b1d01,45
e9928cf8f,67
e9e0698f5,75
b30719c82,86
dc4338093,24
3599e2fbf,85
2083b8669,103
2b5c4fa01,81
ad27e607b,102
eac0fd0b9,67
f6f821392,91
1777595a2,16
8fc8f357e,10
5528db727,45
f6e9739ff,78
f59c3ad7f,94
da1b9b717,103
8996126cf,86
a1c8de469,73
d1ae6b983,68
19f18eb63,55
7f7b2c732,82
91398b8af,5
fdf61c313,56
e11a7a42f,67
ab905cacc,14
f7107a3a4,62
38a3caf8b,86
ca050faf8,12
9ed125a83,49
36d4c70b5,29
052f7e154,53
6f238770e,48
a18ae9e89,102
85f511409,103
de9010824,75
02d846418,68
e68ff576e,75
29f4ab45c,102
3daea4675,5
5ec08d254,72
c54530ff1,48
c44d85f2f,51
7dcc4ff7e,68
40a956d5b,67
91212615a,39
cf787b891,29
581ead9fe,72
8c5e0c760,47
d7a9e0691,53
1da642ca9,103
40ff0c11f,67
00e4f514e,103
6fd484575,75
c3194a1e8,69
b7b3939ca,79
9a4cb2829,4
cc0db3719,48
66e6f6938,83
f028e8401,90
04c9322f3,4
3341a6efb,77
19e239913,43
5954973f3,67
d31f5a836,16
84b7495d6,87
4c0a72203,24
d2b091c3b,68
8e412c7e5,49
a69c80256,48
2b313ee7c,102
344a190fa,103
77f6880d2,22
e5b0c4faf,53
052d2dde2,67
524961d31,67
b2b7e722d,95
f83e299b4,67
bbaef0141,67
01555bed7,69
b1296679d,75
2a0404164,49
f0f03b04d,28
4c4caa583,4
39ceb1ff2,94
146463828,103
99be4bfbc,71
c0f55d16e,0
d6694bd34,72
0db15a736,24
60711fbc1,55
68f48e5f5,69
8a89d3315,21
5a2fb5300,68
d9004decd,47
46002f8b4,103
61da47774,73
94693762f,67
15c5a0a46,11
ed8f1770c,8
ef761a150,71
4bf7df629,14
67ec88f39,76
8d8da7a3e,102
0401b69cc,76
0c8b4c597,13
bfd66b238,94
22324cd72,28
7077a94ce,60
220b46a44,67
9843c53a6,84
04a9517b0,95
7e512d140,5
c34f2139f,71
b8e0b2ee2,49
0bfb74564,80
8cf4b952c,102
b15603bdf,4
4b781211f,70
1b0d7769d,79
dc7a50dab,77
ee559b5b0,7
698eea745,48
4171d3272,91
dfc4c6de0,72
e2480f460,50
d1b715fc8,77
78be4d100,14
f2702f681,103
08263abdb,94
5892ebde8,74
8f01b1034,88
0c705e746,71
ade6312b1,4
50f72bf43,4
4bf799dba,74
fe0e1d7c2,72
71525c500,4
58ff9dbee,67
27ba808dd,4
a5c3359e5,82
548a35991,53
eda07476f,77
0d3269c35,4
36a638215,40
5bcf739c3,5
e1a0d5f24,30
6afc9ee54,16
a16bdddf1,48
c07cac3dd,96
dde25205a,71
20aea9077,79
54c0482ce,10
73d138dbe,28
54f09b0b4,13
0315a723c,53
6f03f9497,30
be3873f5d,67
2f460d807,4
bbf51ba25,49
1eb8876a9,78
5078ff4b8,66
bcde05c42,73
ddd367d19,4
f36c00407,68
d51f2e142,45
abcdf9705,41
d1b0f75fc,18
50f97c747,68
b8e1080ce,67
77f19a3b9,19
a9a93e3a0,9
8d729fb61,28
fb745f800,80
16e29883d,71
192bbbbda,27
a114ff305,19
c38884c9c,22
2afecec3c,46
297d94118,30
cb05fa534,77
39a628cff,49
1ef078208,9
aa063d915,67
75bb87271,95
c6baa2b95,55
b466a17e8,16
828abe04c,13
d18ee118e,73
a9a679316,68
742ca771a,95
d77fa0d2f,8
75d3452c1,90
3b8fc5371,72
24261e7f3,68
7bba13923,75
791899b46,68
6841f21d2,103
ec53bc088,6
999be9923,53
bcb73b724,30
24032b382,90
eaddf667a,54
d9af9a571,48
fdf659ef5,75
a939e29d9,103
df16e4771,11
a078d515d,19
2c8530a58,70
e27e698bf,4
ec51d8607,30
3b2fe5739,25
c16bd5262,73
600da56b9,12
532e6c637,53
b2d3bbf61,68
8098272f9,67
49f98b25a,79
a155b0167,51
ff5fdbd84,67
330cc9d05,103
b59846a6c,93
500cf0ed3,34
a7bb097c3,51
522ea009b,20
c3bf03c46,73
7db900a9f,90
51d6b9846,102
8c0e403af,20
da0fc52e5,86
3758eaf1d,21
9fe09edeb,8
f83823a7e,57
f16b7e08b,13
f3e1244ca,46
a4841f6e7,0
0e3a60b3f,48
bca2de14e,45
bba2d82cc,77
02eea69ff,53
909ea73fd,95
a7c42fdb2,49
92c7c2838,7
d32d6ccd9,75
47134493d,52
7dab12862,25
a893581c4,9
9c0cad204,73
501e378f3,25
ccb9b5cc7,12
2b08a162a,102
d49030919,75
20dbff58b,77
2f230552c,67
7ad932a97,83
341538182,12
2f75192e2,103
4fb19aefd,82
8b0aa3f7a,45
c425cd871,59
85f3749ca,4
23a39f766,50
08d076fb7,75
03536aa93,49
8e6d1a140,90
ea16b16c6,68
f468cfed1,67
1a5e9517f,90
6318d6cfc,103
6b3b8d49b,57
b07bb0c22,4
9ebc88cdc,78
ae8e8b50a,49
bb88f386b,53
9e46889f9,102
9677be74b,67
2c0fac807,8
19d5edc51,4
9a2fe7b99,67
f4c3dcb09,4
bc707c021,86
b8fbf9eca,67
012e26395,30
9e006b3d6,103
1e8175d27,17
56317c242,35
5f3773437,71
645e6c963,64
afc49f312,46
af51f29c8,65
88e754f35,41
1c63f50d1,49
fcb500296,73
b3c636639,103
c5d9914cb,49
44fc90316,14
ec33a58aa,47
85bde49f1,58
9040a1e5f,4
5fc2cecce,73
6da191d02,53
abf89f144,82
7263dccaf,13
9290d73a1,68
bd6ee4ac7,47
0aa405eec,67
322b5e989,49
f55caa50e,12
7405dd1d5,28
cd6fb957b,80
0dc26fe1b,47
b299b2022,67
d4c0f8a5a,67
73633e6bf,82
ffb840ebc,103
8ec1ab770,103
fa7866999,48
52dc12639,17
3ae3126c9,67
8a5353b56,67
4191e9966,67
576f07382,103
a67769dd9,95
56a33cbaa,48
de8795ddd,46
fb7d17d79,14
9ea847197,77
76809aa23,11
ee2fd195b,75
15c1eb33a,52
8515fa3ea,43
e9fc9a217,47
64e5e148e,67
11f448738,63
39236fa60,75
dbed4d8d3,13
25b1a1971,14
114d128ca,48
46f84af18,98
dd331079f,68
0240a9430,96
1557e4b6e,102
fb7984b64,89
30b7ec090,98
31a00d007,28
de23c5486,86
3d814b28f,102
2a99b0118,67
dabb82074,48
4e19a3a2f,65
a36120551,48
b688ee356,76
4156a2861,61
3d44a717d,57
54a9c9512,0
6821046ee,103
e291c8794,73
d92a98c89,53
6395b130e,103
1ee86a298,48
a3500e94e,49
411394fae,67
ebc612beb,73
4e4c57892,93
ce97c8026,32
616bbeb90,14
4b49bfc87,82
6df282095,4
f38c7346b,39
1971e15b7,49
eb6dbc774,86
0a98a2179,49
275fa220b,102
8716d5221,52
1fed3b30e,96
d06adb15c,48
af8f3cceb,73
f822afd0d,103
f56f35811,49
3dbd32e8f,83
b3cc561cf,48
fbceab432,10
19248ab83,72
40cec32ac,94
64088707b,30
f9c5a4820,67
7c734cbb4,68
d2e838de1,47
a67e861a6,2
285ff0263,48
6f81b250e,39
7f0c3fad6,18
3fd719b67,12
9b49af313,72
b8c5eeb8b,4
c49f75868,102
a86983a99,82
ada4b9362,10
718f47a1b,75
43428f900,80
a5c902dab,5
fea3b6b40,13
bcc60f666,7
c393d0e16,90
8d8c840c4,73
0fcde961f,73
67cc6b5ab,4
26417279a,103
904bafc6c,29
597bcc032,70
a1bd64c5b,30
91610e157,13
cbf0f9495,73
2a914ceb8,103
aa1db9aef,89
0021f0d33,48
fcb1d086a,43
846099053,93
3912b7506,14
e7870e8a8,13
f69a85264,62
4bef06f11,53
eeb2d5691,96
4751e93ad,4
023520fc4,69
e3069605c,94
fb3530a46,76
1aeda3f6e,75
a2d6fcb7b,62
97de1dee0,49
4289422a5,14
f4feeb150,72
6b4fd7e01,102
4779122c2,48
3333af434,80
fe40a3dae,45
eaaeacd1c,73
9ba7dcc7a,91
b1de2b162,4
3ff1824db,46
653dc3b58,67
061e3b226,48
ce6f860f1,48
e181cdda9,53
69ed9d7a3,103
db4859b98,14
f2d9b993d,90
ad06e1507,73
5edeca301,74
caf89a8f1,58
ccdbfbc8c,67
f4ac8bd6c,103
3edd04c83,58
089c2739f,20
6dc57d8b3,90
a76407bf8,30
39327a0dd,103
061988edc,50
3ad81fa96,46
6461cf7f3,28
92b24e585,87
6b5cf2a71,53
63d72a8b5,67
170517f38,0
cf8ee02e6,10
b6559ddf2,52
b167313d0,29
72848173f,53
916e18133,49
121fc6463,0
0cbc27679,102
ee6340fc0,4
72033968b,67
f424ad351,103
8d94bd8b9,102
490efc553,77
e9d6bf3cb,50
c0edbe84c,95
d4a2a2f29,78
4c0f2c1ad,46
56a71117b,78
6759ac31a,0
7b506b5bd,103
f2a35c7cd,103
07b1b52f5,67
d0a654445,73
ac1af6f95,53
9a879fb6d,4
d7c723881,67
7605a3733,83
c210cba33,73
14a804b2f,67
47830a2a1,67
6e16e769d,68
73d04b4a0,67
f85c3cd52,48
5f2c16024,12
4028851f0,100
89f3b6297,53
e810fbb6b,93
2b47bed50,103
8965a61bc,30
f5a7cbd09,22
68d5dc3c5,99
5ca912390,16
52dd86f38,64
881336587,5
6021f47e4,102
97dbf9d67,13
7d1005a2c,26
7f5479556,4
e955870c5,45
3b7c11d3e,103
9cb5c3012,67
59d1b6146,70
48c96bd6b,73
7b437ba4e,9
1b7aef8e8,79
d6143b4d4,4
2f90dff16,43
8e7173502,4
ae62dc8b0,7
a29fae12a,29
5eabca233,23
9950111eb,67
e7292df85,103
e345afe29,10
48f82311a,9
774e6e2a9,48
3da7e8585,78
2d3ea8986,103
e5f6dbca4,48
083ee0c99,5
49ebce8a6,71
6aaaa29e5,53
01c633ff1,74
23253eaed,68
eb64f3c3f,94
b2a655d89,39
c0a83f8bf,13
1f2eca93a,72
2b5f79660,67
1a2e45581,79
eda20ddee,67
2618facbd,72
7530384bf,4
14ea3ffb9,58
c4c802142,49
26b8d61ab,12
3dee899f2,88
3085e18eb,70
c67446d52,94
5b313549c,88
6182a0538,67
0ec8c4296,48
f0b002c23,47
6fcd677ac,13
007d156b7,29
fb4b0daa2,18
d97675b32,0
dc2cac36b,52
0d5f19588,102
084919197,67
3b39970a2,95
c71b3e27d,103
9c54f2285,10
854ca7f47,13
87b9d4bb4,67
5bc1ab931,63
8e612d36a,102
37997c432,49
6f2bccdac,77
b25179fca,49
308dc8750,64
f437c8815,97
48490759b,75
96f729725,50
f97785498,22
fe737e3b1,43
7bc968caf,91
00f9d0e97,50
ca9f22cc1,103
5940f63c4,13
7f7c6d039,4
adca067b9,94
0df8316cc,67
5a0aa798c,70
f616c93fb,103
d90cad151,96
d9a8f22b3,49
bf679c82f,9
cdedc9d47,72
40ebc99bd,103
8c434769b,0
8507d1b5e,78
26c144947,48
5de25f69a,67
ca1cef6bb,29
ecf4c1f5a,86
7a5dfb158,98
6c9aa2460,71
0cea1df9c,71
377c89e04,71
9ba782fba,48
4dde25dfa,7
89f46bec2,103
4078e0b39,67
4948e3ecd,14
b33fe8ed7,4
6cbca5559,42
1b54ef9a0,103
f2809517f,102
65d14bd99,103
7be2867e1,50
ae6e725ee,79
3b59b7879,76
0510cce3f,103
eb09ff6cb,7
da2d31c98,4
b137658ab,4
2cf137648,4
0d7c08885,67
f3a75828c,25
ed91bd814,48
7a6ba7fc8,68
5b646246a,43
fe75697b0,67
a7eb19305,73
20563ebbc,67
9c1fca4fe,68
0a825b67a,49
cac4474ff,24
30d9b6204,12
cb4330abd,78
2acaabdf6,4
d0bd30dd2,82
8a904fdea,103
8eff39ec2,4
f68529efb,103
74cb419cb,41
d5e4303b9,7
165ca8a81,59
467a87b6e,4
e15365337,89
6d75535dd,11
1ac744f9f,48
b41fe0aae,82
40c67cca4,47
0f58c281a,53
48b580700,67
b1fd7a2a2,62
0fd1b5059,67
3088361cd,53
1749a6a95,5
dd7f0f72d,83
e0f242a92,4
e9a190503,12
c2a78ef27,48
832bbc430,4
501396f2e,62
79bf0f076,6
1c8c53577,0
0210ba20b,46
5ff71b40e,13
f458034d1,50
973cdaffe,5
cfe74bfdf,68
49f2ca2d6,13
a77db045e,2
4f756f230,51
ff02d53d8,21
8b2940362,67
7d5a95675,73
6143c21f2,73
d34ac237a,50
3ca06eba6,103
df4ae0415,67
8253629c8,49
d8136729e,95
d779dbe77,47
a6ff6f81a,52
d0989eec5,4
af6ccfeca,49
517ed388b,67
8e07336d7,47
53cc94634,42
656c8e1a0,76
600693e8f,71
18b1c8787,71
7af25ae57,102
a9eaae137,72
c548502c7,24
4415b68f2,80
ce434f86b,42
b2662c86e,94
ddc1eacff,0
83bb94c90,52
015a601e3,15
4cf4ac658,82
3a9ac1cd1,49
9f5dfd81d,4
6016dd857,67
6896b5c5a,73
b6203cd3a,48
143e26686,79
fd33b68d1,4
22bca0aa8,47
d539aadae,29
ad153ca7d,75
7182235fe,67
6fb943b8a,103
c61f34131,102
c95269a6c,48
e43587721,49
053198ea7,4
5a330e7b3,87
5622bbc0c,68
009216487,48
346d6fc1c,43
2669b2dde,75
11bc7f078,30
46d095eda,47
c964a7aa9,49
7db868b36,82
92da88798,94
1ac65f43b,47
924218498,53
beb9f80e6,103
bd4f8c863,68
ba49d2dda,102
8e92c9811,81
6aa485643,103
4ffc57a98,96
e2c4e9c91,27
934072bf5,53
08bee6dbf,93
d5400cc1e,100
ce824d546,76
c1f89f237,49
5f4162c42,56
e8226fb9c,47
7edbf1ca8,71
9a9255c3d,14
1c88f1550,67
9617ba69c,94
c010973b8,89
46017b3ea,4
d14901985,4
5eb03fbd3,67
57ff5b255,68
abe2e74a6,78
ef21b581b,70
fa434878b,0
74bcea93f,67
33aacd395,47
adadd8f7c,80
3f3280fd7,67
536be8fe7,67
1f65738b8,51
afe70f1d8,87
72d528c13,103
8918114fb,10
56a02070d,50
630773b7f,69
057d2b6d4,58
9174ed35c,50
9efbbd641,68
330ca12c5,94
498de5a90,47
3dff55658,18
805d8722f,80
29f49cd83,50
b84a40e10,39
3cf28a050,79
2c9e28482,79
923e37397,4
d78b3b629,74
bfe43d44a,12
854453303,73
a41d29902,103
0d48d68af,73
0e538051c,4
856717f8b,4
121fbeff6,81
064d949d6,44
bf195e5c1,48
9d96a6d82,53
42cc20908,67
8b7a73f76,53
1134b4a4b,102
e21d2982a,88
14519334a,79
5287898d3,25
f1f288bd8,4
4a6513e63,49
3a44b1b54,74
f90f6d589,103
e9cf75605,103
30df475fe,103
ff37e4d13,103
f229ebf45,80
53d90c2cf,72
20be2b5b5,55
64c056f47,73
ef40d788a,68
b260d939d,53
8e90cbc5e,67
a2b22b6cf,48
18c42b6b8,4
67b0d01ea,46
9989acdc6,103
6a8de3c09,90
8fb591dd9,25
301315f25,47
71149a63d,67
a0301d0e5,68
d495d29df,89
405bb5363,4
515ccfe7d,13
57b90f0d7,76
5c9aadf3b,102
bdbec7ef5,74
be75bee29,47
f9096c83a,103
21191d2da,73
0dce2cb5c,16
a29695033,48
8fa62ef13,103
6d0419afe,26
fac66356f,20
b74047d71,82
49c1a8313,73
5608c05be,67
465605e5b,65
9bb756baf,103
232a50a3a,40
52c27c7e0,96
12b630964,103
1151a0d22,102
84412137d,53
145628804,45
f6dfa3eaa,67
8d0b21b05,91
a0ebf07d0,17
6386c2d78,0
d17630e6e,48
d1edcd33e,70
a19239dbe,103
6a1072588,68
ca256fab6,68
967f27ca5,91
911ecfaec,69
0be920d76,52
e82201f68,53
bdb951b2e,51
af511f5d0,80
77aa8505f,50
6569b16eb,76
4efdca978,75
fec748ff7,49
eb83e32a8,73
563ee45dc,83
fbfb8db0b,4
e8bf3b5ec,10
8e8259669,8
8a4c6a3e0,11
a1dfe6e17,103
39e2183ff,67
4232febfa,41
278e6c9fc,28
51eb14267,103
92d062d8d,71
976e6375e,78
82aa265b0,45
44ad68c26,4
bed5ebc31,103
ad7707082,48
4afa6c98e,73
704dfd7e8,86
fcc54c894,73
151cd8478,0
030364f27,15
f9731b808,73
d2e37916f,4
083109f62,70
5e84a449b,4
83f820e61,21
a4513ca36,73
3ffde4543,48
9cd366371,103
29fd845c1,28
0395f93d8,94
950c30887,4
3474e728f,102
21c3d4a53,79
a6ef2c9ab,49
495e8216f,30
ddc839a0f,82
c50fdc486,56
c0825b4f8,74
9f905ae2b,51
be30d241b,67
57f693d04,48
946ef4894,4
eb0f37d39,83
537f3aa34,86
4d7e7b6cd,76
c3af619d3,0
e788cdf9b,56
82a37e873,73
21a5f41f7,4
8592e5ece,73
e830a4d93,30
031a7c19c,0
2586669bc,48
f99c51769,53
691ff0015,87
1218dabe7,103
95ab27ba4,67
90bd4a9cf,67
789e8506b,76
a016dd653,49
e7638c0a5,0
46d056d14,51
36112c4bd,13
2575123f6,67
3d087513e,103
b8a90ad87,62
10101e982,67
96d8b0c1d,67
65a3a7b6d,73
35b89eb8c,18
ea755b7f6,39
5dac2f949,47
56cafc1c8,14
738af3f29,67
09cec0e8a,45
18d6844a0,49
a11aaec4d,12
f0f2f3e0b,4
a3a17500a,14
597ea383e,90
ea36e1b93,93
131ea4f52,46
7a9de4b35,67
9d38f1232,10
88621ac35,83
64213e873,0
aa32d1bac,32
9304e605c,13
8e2bff6c6,48
18ed42876,71
b45121ff1,48
0d6befa42,9
19b046852,103
693fd2ef4,47
06a271f97,68
e56916c4c,53
f0da19dfd,79
34d222c51,75
071eaaad4,90
a9855f136,4
c86cce658,103
33ee9899d,67
fc13d942e,4
d2cd8b9fe,74
31ee17f77,49
ab3bcad5b,73
323884b26,30
139aad8b2,39
c0e7198e2,58
67dbffd24,52
51d113f3a,68
618ded9bc,99
cb3ba4df2,50
99617ebe0,23
8d808a07b,53
c2c5a8cc9,7
550290aaa,13
45a842008,64
acf17fceb,103
91b8321dd,103
84fc77fbd,50
c2d849108,82
116b7f1b1,67
37090107a,45
2d0752813,10
ca82d5eb3,103
997575057,47
b784d7a07,18
03091fb7a,48
a2aa2199a,66
5c2b3adde,71
0fc91f469,53
c8aa236c5,49
5f0542bfc,13
1d149bccd,13
0ac2378b9,86
cf95485eb,73
46ccb6bd3,67
ec09668c7,12
d09afd3b0,77
7302be7da,47
10dee0305,5
2a7c1dbf3,103
8df7f4638,14
0124e277f,68
dc370d0dd,99
ce5f6dcef,87
c144ae440,103
f8221646b,46
2e3fc37e5,68
4f037af7f,49
358e5478e,4
744730d4a,14
1c1daa6da,46
68caf79b9,75
29bd0c56d,83
81aae2d9e,73
a9b1f63d0,67
218676c6c,90
cb297624d,91
ed219c7f8,25
7271d34ab,1
408fc944b,36
3271ed094,68
fd2bd5f1e,103
ea8dfdeb3,67
fab2df372,73
07ce81250,57
99c05f8d5,56
2ad78f9c2,48
4565dbe4c,57
91b98c869,69
31dae2136,67
60ba7e522,45
95a6fdac6,50
45e6036ff,53
101970f4e,12
ab99925c9,53
2184fa6f2,8
9a2fc15d3,13
71a787fb9,12
a2f66236c,79
c615baaa2,92
ac7c6ce37,12
664e5c977,17
c1c4b2105,48
60c40b083,49
d9111ad4b,75
1d8f28be5,103
68b41d014,76
c9e27d0e3,49
75eca83b3,103
f0efb6c04,73
654ee7e46,46
4c4c216fb,73
e7571886a,4
d814f470b,71
4ac812558,49
6c269a2b9,67
00856dfa9,82
f0a66df4c,103
3987e3d8c,95
a6e627c10,4
967c6bf80,67
73f18defc,93
7b566ed00,103
9e9f2f914,4
d16d34784,67
9732ad4dc,26
3cbacf373,103
bbc846996,15
4b4d2a0b9,72
9faca65ce,50
2b7cf3253,14
648d6e1c9,49
65d4e9994,39
6ab2a7198,80
55b323b0c,37
4dfdf7a8c,98
0f25f79f8,67
4a5d43a96,9
0087eeefc,89
c1ed4ef6e,0
ed601a04f,13
a68584f39,103
298cf5bb5,48
dc0f9b59d,49
9caf3507d,46
7b7cce651,4
35aa8898b,91
f40dffb83,65
edc3e9332,85
74c97189e,73
6baede1f3,83
6f50f7647,73
dfd66382a,75
39090147b,88
39c56af7c,62
a6105941f,73
35faa30eb,88
ca875ed6d,0
74c86dc94,88
aa6a116bf,98
0de5f6578,43
5aeca7ba2,77
c511b01f1,5
d2dc27a1c,103
c16dd6692,43
c36b30d62,49
a8c934e35,4
c39bb3b9f,14
8f029f975,67
6aa4095a3,59
6201345ad,53
b4f324422,4
2e36d4f93,49
0f340c3cf,79
ce7f9e0a0,8
ba9e2d304,10
b4eb26098,103
23b33fd15,103
aeb2bab6c,87
9eea9316b,103
7c1a6e1f0,72
7775f87f5,72
ab8add1c1,77
7d7b3950b,25
ac114952e,50
455c7b67d,103
d8ca58a4c,36
2a98afbbb,67
5b69d3121,95
c323bee87,28
c18fddc3d,68
ee705e49b,29
7bed881d2,71
c9dcff9ef,4
657a4ea19,46
8a428ab24,55
23ee9f44b,0
266776fdd,53
89e7620ff,48
3a49d5a25,4
25a24e8b6,61
1474acef0,10
2080c5234,71
f4db33d12,48
39f2c9f4a,47
f6f80e6cd,89
0d5832dd0,46
696a13525,53
232ad11f4,80
16f9971d1,48
8fc000b1f,0
6cf44ae8e,88
f8db20c1f,42
aa4f36f71,77
54296cd42,88
ee41c42cc,68
551f3af3f,95
a673ada99,53
6aefb94a6,83
99263d818,50
efe50806b,67
9d77e8b46,75
57fb229ad,75
8872018f5,21
7f8e636bd,60
bf711d50c,56
db49060ae,67
5aab08428,67
07184caac,77
694b396d4,4
c987ff810,68
01ce7d2df,12
37525f380,68
304631d59,49
61fab76c9,75
bda439192,50
4ba73aa49,4
85312fab3,14
e696c6605,13
2f1f2d1d0,103
dc405fd04,73
8fd2c007f,14
817ab4ca5,74
ad62f8d41,53
8664c38e5,21
a12ed8ec5,3
d1292ab63,73
f2419f856,46
ed0b0e088,39
d829aea86,49
2bf04d18b,71
aa6a6c73d,67
3665f35e2,30
02378eeef,88
537f040bd,4
640bd467f,103
8f2f9d451,45
07f10b39f,70
0721c0bc0,53
e9483b3b2,73
db04d5ac6,103
9fc9b533d,67
bea291a1b,27
88d492231,68
f99cc22d6,4
019df649f,4
7fcbcdc02,101
f9acd27a7,4
e6223db31,7
9be084d41,21
077e33f0c,89
233db9b4b,46
fc836e711,51
b631d859f,31
70498b302,28
3d199ab7c,33
9b353319d,73
a9c9495ff,48
55e0035e3,50
c8c7e71fb,73
b605cac2f,88
cdbac498f,103
b91c00f4b,102
9aa3662af,9
74ee51f2f,67
cea4d818e,73
284bb203a,41
0251a7082,4
b382faa85,42
0b75f1f48,14
8c7a3ac06,56
226a4258e,41
2013e7b99,10
13452bf5e,7
d4f431dda,78
9a9c151f2,4
6c1a05ed1,93
4cc87897b,95
ccf5f3de8,30
9f69713aa,5
7a011cb30,75
25691eb59,28
9b8345ded,0
aa9279a0d,103
3ceb3dfc0,88
662f45b2d,4
06c56276e,17
a599e44b9,14
184b78ad0,67
ae9a70845,10
eaeacfabd,68
73749e7e2,53
cc3b595bc,70
57d3813ab,4
6e93d8d18,12
1037cd266,53
491a37339,16
80ec46d31,49
40fe28512,96
6ecd0b17f,47
fc7362a16,67
1461713ad,4
e394b0931,76
058cebd78,49
40233a112,88
3b0daf5b9,103
1fb1edaca,4
e1da2a9a7,12
6463c47d1,53
fd33eec2e,80
68a81ce4f,18
841a4bd7b,77
cf1fb187a,4
6025abd59,95
a2b4482dc,45
464b3976a,52
e0a576d7f,10
35b66a46d,76
3be948614,7
f6e02f90d,13
d1a2458d7,67
66df2d548,67
2dc55fb57,68
a62dba9de,103
26ee00728,103
e6e68b7da,4
6b3c00c84,29
147d79f8a,4
64dba18d7,0
11cd8f57a,92
be75d9856,4
0bdbc4859,48
56697962e,47
fd25ed5d2,73
47611c7b0,14
daa767533,82
6a6689958,15
683e58330,49
118a60f12,86
f39ff7ba2,103
a8338c626,102
dbb2bf69b,30
1cdfd8172,68
f21ab1aa2,4
99f271a51,1
fb93c4c46,18
67556ec2a,49
1d762bf2b,4
505472dd2,48
bfdd4162d,76
8faa5deef,39
07b2feecb,76
08770c1d1,48
676bac625,69
68596af51,47
cfe6b80bf,75
2b3d7a7da,102
9a3fa2c38,71
bd8830a6d,73
7cd4cc27f,8
837a91c2e,49
bead374cb,57
2f4a6e151,47
a564e4f51,29
8a6ff36a7,30
52189b48a,49
ebf692344,4
bb4688502,53
9cf28dce1,103
dbc26a259,4
1a5b47e16,4
7a660b9f6,53
f05946c39,91
8e298b272,73
da5d0dbcc,55
25d63647b,47
2858fae7c,72
fca2f698a,67
e416c112a,87
2bed40346,4
664bad216,4
6cd33c3ac,4
9a411636d,72
c563c699e,73
873590360,75
07718a208,73
88d3afe93,53
abd018788,36
07e4f36cd,94
e046fb456,4
8005ccb52,95
1d6fbd789,47
5ea36cf54,36
8012c6779,68
997262689,48
cd29fcb6b,71
ad74613c8,50
7d32579d5,103
0ea779a14,74
f2cfe18dd,71
6ea2b0e7d,67
3f4d7610c,102
869035e2d,68
5bc1503a0,71
c4c67ba42,96
656ea8ca7,53
08302b7a3,21
003b89961,49
55603d86c,43
52232fe3f,49
5607b2020,39
964412965,67
04ec1f692,4
577136af2,46
684a48f58,68
26444f504,4
4fc55f7bb,5
c01254e45,87
7723a9059,73
0b027c740,29
ad0d1c07b,13
8ad5daf80,75
a4c653f29,46
bcbc0ec93,8
b2d223ece,74
b72fe5b8d,29
ec7f6d106,102
a3d0ecd9e,90
4c613566a,93
e9a53e9fa,72
aae8b6cb7,73
f281ef28e,103
b80e5bddf,67
91275fda4,42
98038f676,76
54419838d,53
3b6e604d2,67
79f689862,75
5d171dcf7,102
7cc00d3bf,67
2bb868394,99
4a30cdae9,0
202eabfc4,13
075d6bb86,87
847402c34,95
24d5596ef,103
2cc73c0c9,67
a0bdfb2d3,71
0c8abe310,9
5ea428031,96
3919d8ac5,56
9cd6277d4,101
5e003d916,87
baa4deee5,67
eaa8b622b,10
2bd2ebfa9,4
0a8a36c25,90
fac4230e7,50
4c91c2a8a,49
4698789b6,49
d9268cb57,37
6ef0b83d0,95
9f3fabc70,47
82316b58b,45
ff2804289,47
cfc106ac3,67
c2b3daa2a,25
654504abb,67
465fca558,87
2c7ce5049,49
63e2e3e4f,103
ed087f460,103
298ade3a4,49
aeb67eefb,68
2213dd7ad,45
edecaff0a,67
37e16acde,73
054412f7e,55
1548838d2,48
5ac870ba2,8
bb0b9304e,102
d97215599,13
034ef87a4,14
416e24d42,13
0394a004e,4
abed810c6,94
e1e7f8c61,103
f85a5ee9a,103
6b82e86e7,68
6557acff6,94
dd20b2594,62
35cb5e3c3,77
9d56168f2,4
a0e86b0b1,21
50bb7de2d,4
d4ae8d14a,46
6485b01ac,4
78f6357bc,50
e5ee0be59,10
ce53cea31,72
8459de1be,87
4e792387e,27
7504b36cf,86
7c8c55147,102
241202d64,72
ca96ff636,66
5a68d7893,8
b4d954bdc,80
d97f377fe,19
5e802f360,83
301054988,49
bb0e5dbe4,30
78f5768d9,49
2d0fa50dd,90
457ef8195,67
a7046c744,46
85934f1fd,93
7b9220d4c,78
6823dfca4,103
0cb8a264e,47
6ff58f465,90
f5ce3d423,102
7fdb7247e,15
1c92e2b89,7
6abf7f144,14
135359fe2,29
b319ff6ce,98
3496823c5,4
906121480,86
40bf06f20,4
87a338501,100
624d13949,39
67714a8d8,67
4d761f97e,94
4994522d9,53
a5988f75e,46
cb3ffeb02,37
b9231d9bd,4
795083f79,4
5cd55d54a,0
05a32258d,49
bea75c9d9,32
4955fcb53,30
f2d476916,45
778c53136,30
494e86d83,67
d5628d4df,8
e96b3436b,103
5a33b53eb,49
e1bcbc106,73
4d14ae692,48
f95b41656,53
edad0d3ee,75
a0b262e40,12
5c1b0f7ce,4
1f7554862,13
4bd6a1f9a,103
df88a9d81,79
e60d19647,79
7d6a2ef07,10
5a80d4beb,7
eed32e9a6,77
653ee9b0b,4
36a261537,9
8cc1fc2f6,86
6b132a6ca,48
14453eb64,88
347c449c8,79
38331a6e7,83
398744450,100
768bf1fe7,39
20e16a0b1,78
7247cc6b3,68
c36c6ab5a,67
5ba637a6f,73
e41a75354,91
1b4beb2ee,77
3d7e6922e,26
e3beb7e77,14
473db5fc1,102
4fd8099de,46
706729fd6,82
bd612f053,4
707178bf0,86
d123bd691,36
a40c5b66d,62
0bc95b595,4
1fa3035ed,79
973172c57,102
d55497abb,28
f98f94bac,51
1beb08caf,103
a1e81894c,67
98320c076,39
268c2e415,82
bc62cedd8,14
b796fe951,49
52178db26,71
f2a97a3bf,67
1344e985d,83
027ff9d9e,83
6d00d0707,76
661e5ee1c,103
87ad47626,18
e2ef28251,67
e8a5b6337,103
90db97153,4
0a5f90dd1,21
41eb38ad4,59
339153138,41
b507ebc7c,88
40daf3243,14
3e7922328,21
bbce1172c,67
100c6474a,43
83a004123,103
c63f5d38c,96
61d566521,14
e4e16eb70,103
967133383,68
54454ed83,43
1aebb60d1,1
c3ecbced7,75
3bfb94587,52
ddbf2eac2,90
cbbe148a1,93
29d87bc0c,5
605131c3a,45
82dd63dbb,47
f314ed416,103
50fe6ebcd,67
08a7d77fa,98
d445b47b7,78
a97f64861,16
0ac5ebf0e,52
fc4486b5e,103
4500b8a44,75
8899c2050,13
98de1be5f,4
5629fc992,73
7f9351c2d,49
4ddf168de,73
d31117d38,67
5c5a534e3,81
2623d36fe,67
d0ee253f0,67
906ed5d8d,10
5d4d774bb,49
8b4b27e9e,48
dcf4672c6,56
ae2b1bed4,75
56bb538b2,1
1837b91e3,87
48fb56f39,49
bd1dbe4ca,53
48b37a43a,67
1336ca52d,10
99776d4df,25
661307d74,30
35311eba4,30
a8ba067d1,77
8fa8ee1c5,21
d39b5658a,8
546744090,46
370c2501b,47
ac1156cb1,88
89bce4769,30
d982b80ea,0
5398f55f4,73
65bd3368a,38
bf85f6b58,0
502aa0fed,14
06bfec1b7,4
b2a96e09a,13
9e7060f60,77
632b5d37e,67
230b4a95d,43
2b1ceb24c,67
3da1159fc,43
567e64f51,16
e43b134a9,59
270665eaa,67
5245d1288,70
7afcf9660,103
9a1d5df73,68
b8fd3b2f7,84
c80ef2e31,80
98bb92c1e,75
eba77622f,30
e2e96c56a,72
e3c6e720d,14
fd704758e,103
961163819,103
945155e8b,13
75a50917b,48
b106e1623,90
70f9d13b9,103
597beba89,10
6449727d1,61
54a1667e9,21
51e3f656c,40
625ea352f,14
dba16733f,24
e70be746d,67
0556575d8,39
9e7a1bca6,70
3b58e0b0b,14
cffa0410e,53
8d1bc9b54,18
749b744a4,47
2cba09f03,70
69a3de639,76
6cc34f6c3,46
a2d5f3e8b,72
ea0d2354f,70
07803a6a2,46
355abfa16,4
a0add49a2,13
b9ba7799e,13
3920794fb,51
813ba4348,28
7c9f01509,4
311799a0e,48
4575d8130,4
c96b560a3,47
8556f75dd,101
088b35ed1,75
464b2b309,53
cf9cf9368,70
6e60eef45,67
5e76ba18f,69
3d9c51d3d,53
9067fb1fe,35
a2ca3206f,48
687997bb5,43
3569ab6df,41
c41a4be65,75
c779948c7,93
8b23979a5,63
0476b626a,77
d02a2fd8f,4
5b1353d71,68
ce6b42efc,53
fa05f57cd,75
6bc102ec4,4
62d2aaf89,77
033c8773d,77
61f07f2d3,48
8ad63bcf2,71
2984c04e1,67
9015e43c5,68
048fe3ca8,75
c515db368,48
a334e573b,101
d59fc6634,91
c080ec831,45
e0f2a0864,103
dcb79c93a,73
3232d6f56,13
afbdbbf2b,48
a3c091760,57
9c8dc2ba1,34
e8978b192,0
7f5e3f4d8,74
8b01cbd62,4
6c925a18a,89
256e89fc6,85
82f95de55,4
c2a609ae7,103
fc2199013,7
a8ec16428,102
801b2e0b5,38
2c2ffb258,79
75b41a741,39
0feb4e2ef,10
357b3b1d3,58
da4c0be52,68
8960bdc5f,82
4ca32d7d8,66
59b2a320d,93
5dcad39ff,102
d56f1eaf5,38
f1641e325,47
a46582e86,81
8b7fbfa1a,68
760a844a4,75
856a55f6b,75
cd503942f,55
2103e7549,90
5285b9c84,0
5675c2ee7,50
dd8b1aaca,88
8bb630662,70
5382ac6d9,47
a0dbd84e8,103
6cc8bfcf1,8
ea86d7b46,72
2939aa5df,40
9eeefb070,30
22c98bd18,77
a74852f37,0
af669d8e8,103
42ec55913,55
96e4b2ef0,100
2e0bc183b,87
691acc46f,53
4f5a0a2a6,67
d70ee220d,79
dd103a297,14
8bc85ca8d,10
31f2e5155,86
c06c7ca88,46
7fc947bde,45
14057210c,49
b5f49135b,56
33332272e,103
bbd3eba7d,103
24c202e61,45
2d64f0901,14
3b7f6b220,103
9d0d80d6d,4
56f31776d,67
df17daf47,83
c74e100ff,69
341b65192,48
e3b70ca71,35
7668e5204,103
6fed43511,67
41716e097,49
ba782cc48,48
706aa9df2,102
16b341509,30
1cccba04f,88
378c2a70e,72
a855179f9,93
79423d8e8,88
532c117fc,87
a3d0a07a8,73
10e3859fc,50
939f715cf,53
ebc1583ce,47
65f299d4d,103
d47eedb46,84
4d5836f7d,0
721301e6b,8
d9eedd469,48
9fc4a402d,70
5172a3da6,96
9856ba8b9,67
3a6847333,30
0c295f0fe,18
e0bf00d7a,67
dc680460e,45
a7d70c4de,8
4fe029378,5
df5392f38,103
5193214a6,35
f3c3215ff,46
05d03cdb2,103
3ee4afec0,95
0c6b189f3,67
3a3274d90,68
e1adf9362,10
d36d163c8,102
5e7372874,97
2451960a2,25
38bc8b746,75
6c0edcf33,76
0a38b5a6f,13
8427d213c,4
a53fc71a1,14
760ce7b43,95
658b73453,49
1fc614660,49
2b9d54083,36
8801493cb,73
4c79f68f0,93
efdc65d2f,86
c9c4ad186,95
709d4aaac,89
938b2ff4f,67
42fbaf02d,100
e8add9fd5,28
74ecc535b,102
76f661311,53
64a087667,80
5e35708ec,73
e690ff8ae,67
757866231,14
e8a1d04f0,103
ad60c3571,50
c7cd71880,77
0281e01e3,9
f5a3fd7b5,4
11e3afa83,103
ff2ebb52f,61
4b2c0659e,4
53f2f97d2,51
af3c7a24b,44
0134f018d,35
aeb6e32ab,83
f21bd29f5,4
fb6d4648a,21
02055dd80,67
1e0d2fb87,59
23a5ec48b,98
ff67d505e,81
2daf558c1,12
a2e59aee8,14
fcebd07c5,67
341eee5b2,21
991b607de,80
6e4e60f69,67
6e979324c,93
5ac5273a9,93
920247fd4,4
37b17ad81,103
23d5c512f,53
e60d33c82,68
85b7e1897,103
25004084c,67
7f19952d4,64
ca1d1d65c,46
48faecd45,77
5e166be69,82
3dd4e386e,28
a21f6d452,49
f26f199fb,17
623b64d19,11
abac36cc0,13
1289609e3,102
9e7925f1b,49
becdc1364,95
48526fccb,62
8361401fa,45
53cfc6586,48
8b2742145,49
111388cb7,94
8f252ecb2,56
91db7053a,78
0542511ad,4
3f3977d40,73
5fff5ccb0,41
6d34e11fc,8
7c856ad41,4
780f371fd,50
15409e0d2,0
2538e0716,14
a2b499115,30
6115fb1ac,5
3cc7863f5,4
4fb5992b3,39
abfe5bd86,99
aedab5dc5,74
12c738d87,73
2841a62a6,57
ed127c922,73
44e4c1b98,67
b5422eec0,48
e5a6a39de,4
eb4dbb060,39
f88592f94,68
dbeef740d,81
c82e8a869,4
50a1849f4,95
c83f746ac,48
1a7463151,65
44a477145,53
6cd161345,103
7dbc5a9f3,103
410d24f09,73
707ccc2fb,50
3e4825fb2,66
d4610121f,45
88d1747a0,83
0d0202522,68
be82bd09f,4
7273b1c6e,4
8d6c7ae91,73
c2bc296b9,77
2e4395110,75
24be941cd,24
5a5e8deec,52
0523c9801,67
d60582d88,90
ad82b1ba6,93
a6dbbc248,64
c78e06bc9,14
7a0cfe114,49
534b7cc36,75
f41d18e37,45
0053fa6c4,103
9aa0562f3,73
a86d3684a,28
63de51e03,70
ef0ffb5dc,14
b3d9e6b6c,4
07283a3e1,68
c429543bc,77
f3d6a27d5,88
6a881ec8b,90
35bb514f0,60
02e2f1ca6,94
45271b9c5,103
3dba2c4ed,22
5b45e7a4c,67
d4ac640c0,70
d3be0d35d,88
6ab138316,4
bca706d7b,88
d4f750507,74
14a69e3ad,9
667c3c161,99
a84815a9f,67
839922a66,53
374c54182,41
746f3dd2b,45
2fc266682,78
fb2b2e956,71
b64ae4e8c,39
b2684281f,103
2178a407e,77
5a00bf031,50
903ae9a2b,43
8a48a97f2,76
e5bc365d0,45
69e822cce,53
2772dab8f,30
f0c153cfd,30
e722a8f86,28
9ce1a30b6,8
dbff359cb,75
1fe3921d9,103
4f49753d3,4
1cb8e917f,14
58ede4d43,52
2c4213574,24
d83b8cc1f,96
861f2c9c1,67
e94327a54,30
15ec03f5e,102
e1d159561,93
eda9f61b8,103
15ca2c59d,81
649dd8ff0,14
808071b96,73
cb26ab8e1,95
c1c26f4ec,62
f557afe91,80
840f3bd46,74
0d0b4631c,73
8c7c3dbb2,48
9de211ea5,9
0b1605a22,47
a853842c0,57
582dd5eb1,73
3655fe917,95
aff590876,47
c8ff3649a,77
487fc089f,87
88f935ebe,73
89085d10b,7
3a456593e,52
8735b4ed7,49
8d4ecada4,79
946f97527,75
3b6e2c5c2,51
8fc8e6925,42
aec05dfaf,67
f8d2fe6e2,45
b5ac11272,96
5bd9a3483,60
92025e489,28
9360afb8b,24
1e91a06c4,53
ae2864464,88
350c32674,60
b7ff1634e,49
5a4014213,45
e1f45be9f,14
bce37c882,13
9c477d377,75
976379adf,4
93f493575,48
719aed16d,13
8924dae8a,53
16e7f18d3,79
34baaa6cb,101
509741eb1,67
67810173a,102
f1b4ba5bf,48
829bcc49e,102
a810efddc,58
16810b3aa,16
e6171fa85,49
155c1e966,41
37fdec841,56
bc83dd474,49
5134a2245,103
5ab25460a,14
f3c88b910,75
8c0995d82,7
401730197,4
7046567c4,77
f94013d99,80
9881c6363,48
641ae8aa0,103
2313d0e1c,45
bdccd8d94,53
7bfaa6c93,83
ba2d603c3,73
46ef787fb,77
ccc54a4f5,53
ee83eaa8f,84
7eb7812ba,4
afcddfdcd,56
c6cd3ac47,75
136b3c7b2,57
f2aefc6cf,93
eb7854187,47
39e40cdd6,4
ce136eb7d,0
857250508,50
372ad684a,73
d0b1e24e9,77
8260f8641,87
dfb7f1e61,82
b034c82ce,80
e635de77c,75
4bbb6638f,29
a08ff3c7d,39
be953b60e,102
f50873a8c,10
960fe3fd2,48
1162b2c5f,95
a134c5401,28
f6610b1d4,72
c84ce54d5,7
4641d6c81,28
c43ae531d,103
7f5d5cb8f,69
3ad3208cd,103
d5b91872e,90
9c1ca344c,80
95e3375ca,4
44d707daf,14
bb5a3fd92,7
e16606faf,59
3239f2f66,93
052e7f031,67
6a1a8e17d,83
55c59324a,4
40b3c6e51,96
24ca41300,5
a430b437c,67
ac32140ca,15
9de01514f,0
50a98363f,75
33b3a9955,4
ec357f612,68
1f631a7a8,79
b95364dd0,13
69040ec2c,48
03edb6308,71
94269c190,73
2c6c478d1,67
b09f6318c,91
f18412796,0
7c23c9246,70
ba635bb61,9
d228d4fca,72
b0bde1b03,61
0a71ab4c3,50
2fa4ca1db,41
8e390cb4a,48
2c6e87c72,94
6bfc6b8f6,95
61ef56738,71
b70f99706,36
22be03235,47
d12204c77,20
7777e7e44,53
a9cfe91af,79
fb094c9bc,81
a1eee5a29,72
88a7e7bcc,88
147c34f21,39
ab06cb3c9,1
dba8e8e9b,85
ecaaa5ac1,49
94bd779c3,53
6d61341a8,75
d637980a2,45
a0e82c1b1,100
1b0a08a16,77
3e1727f79,56
ffe68f250,73
cdf877752,53
519f5b078,75
096e3e1fd,87
918ea59ba,73
3076e7608,7
5cdbf8228,57
b632c0a2e,28
adc3d214d,70
c2d0ff1e1,4
6760a8b60,59
1b2d48186,16
ee2ee5186,73
3dba87b2f,102
e57ba8f31,8
4b57c7aaa,73
95f734b2e,53
040684077,41
80d468ca4,73
8d9213283,72
8dbc94744,41
f441c7185,28
7e6854001,48
5fa624040,67
981687c64,18
71273ba15,75
8d2997526,80
352a2c45f,52
5681077fa,4
43ac410fd,103
5184d47b8,41
a0f7fea74,64
dfb75caba,5
d1b3aaf63,86
25e91d523,78
7894b3f5a,15
acaf761d0,73
3625c81e9,67
5826bc1ee,103
48c00c048,102
6229791d1,103
2545ad929,42
02434c828,41
1711fd57d,68
77a6613b2,77
6c3ecb861,14
34c4cf37e,35
abddbf3d0,51
5d796ff7a,25
dafe76eea,93
b882b8bd8,103
97947bb82,70
c72964068,30
38b394064,75
eb66fce7b,14
adbd3dcf6,10
2690d9568,46
bea8158b9,72
c28a33596,73
e12b35292,55
d96c3a358,102
871699e5b,49
5e01e9489,68
6e045ef23,103
bcad89a07,74
f1b2738d0,17
931e94184,47
6f25bec48,43
d28fc9f29,67
c9efb9d66,49
010c5d8fa,47
0e675095e,67
49f22c2e5,53
9ff246fe6,102
34c97f64c,8
f37a76430,30
3294f5eb0,24
55a7e02a2,67
a23d903c3,103
622301a2e,103
58c90fc33,62
08710eaac,49
be7a473f4,45
49601a7ba,87
de06ff6f7,103
28b08d407,49
09c2d54ec,56
1aefb1a74,4
89fb3d0d3,87
dac6805a7,93
a85e27a09,51
166cc9d99,0
95ca52d65,53
6b8f11ae1,46
8198687fe,16
41dddedd7,53
22915105d,63
f0f900bec,87
5155022aa,73
ad82ed1ea,94
c25b13b1d,4
8df2a19b0,62
0be81ab06,72
26844c8f3,77
63c3945db,73
a94695f27,4
52eae9528,95
45c144250,18
2d40a8e47,81
0543d5d92,103
6f229cb58,4
30b4b7aea,67
c7cdff2f2,94
afdba6c0f,46
7a538b99e,24
c1573a6be,15
0c76a33ad,75
a388602fe,28
1fadcbda5,103
dd14b70c4,102
f0bdd22d9,73
aa2b95145,92
d56664e9d,74
94a240084,33
e4c0f1e32,103
93f0dd7cc,75
669487461,103
5b1f12738,10
d4362cb73,103
1507fc4a8,53
a2e477d6f,102
ce2745e96,52
21608cb5b,14
b601d9f8e,28
1081dc395,64
ca865c4b0,40
55683854c,57
17c2e1b73,48
2b07811fb,83
2da61d102,64
79cb3514c,29
c87bbe155,13
228540138,73
b32d80296,79
dc4a5c985,53
0963e2956,8
4d8257f18,91
495523f05,12
14fe67e77,75
3e3942656,87
26f14822a,29
70d37d23f,80
fd6b80e18,102
383ce35cc,28
7790e656a,10
b0b810f90,47
ed0204f22,47
a8e6d30e2,4
ebe718ae0,52
abb27a80c,28
e4bd15b11,73
467d1a4a4,50
7d0e16879,4
16c791a6f,102
6c2ce6d90,48
8f7dafef1,103
9123fc9c8,0
85d30d942,67
6dc1a03ed,73
45610320d,7
914b0e71b,29
b30ac7015,67
e83500196,4
74d672d39,43
6a9dcc24b,75
e9471b958,76
218e61006,17
f9de43fb7,46
ca1095668,76
fb532209f,46
a1b4dc452,91
486248544,4
6c14532cd,48
0b061eae3,67
b545ede10,74
6820bdfb3,67
eb71bcdf2,10
4c6264df6,73
22a46a27e,29
dbb703916,5
5f1a08959,103
fcd2cb7e0,59
db09a299b,83
2a0a2ea23,103
6d48de3df,49
7e3369c19,48
1cd461407,1
1ef426390,4
ac8d33b0e,103
a859410aa,10
3522d5b4e,79
aaa580243,82
0c79ae44d,102
9fe27bb58,67
c1f18cb5d,49
01cf43e0a,80
04a7a4f50,70
5b0a35493,10
83714b580,53
aa070417f,103
a256f13ff,67
bd8139bb7,4
87020b1ce,71
b61f62d90,53
710a380e2,77
92c33e670,67
8d5494b6f,53
32b46db46,103
1a96992d9,67
28fa2b3c8,87
369693f04,69
c099603ac,14
b9b1f27a7,93
5413350ec,91
282dca22f,47
6cadad337,14
13fdfe24d,75
7de7343c3,93
0679c1097,67
653443f38,38
0e9e5a0f0,75
896467495,70
57f357144,93
fb9520cef,93
a8740586a,4
20a48922b,15
f0ca69363,25
d6a1ca6e7,21
e00aa2535,0
dbe581aa8,8
09ddc01cb,103
f7f17ae72,54
78d30a479,78
624d36ae0,52
377b22380,96
e826a5f20,73
f90aea0fd,95
715ed2e29,69
2688859c7,77
4df899e46,52
977a23c97,102
a038cdfb1,103
e774787e4,57
723403f38,35
535695fe2,62
2f0b8155a,75
74bb3e711,14
14ad22971,71
956392eb6,73
360538bb1,71
c49cb046d,30
c3c4ea291,27
a4541b8d1,4
e0b80caf4,90
ee2886544,53
d0570b30f,88
2d8c06a3a,0
ce06ee7c4,72
6f845c04e,4
2c69b633a,49
e3ce14f38,48
d0bb3317d,36
0de25d05e,82
3c87fdc0f,53
3eee745a9,48
28bab70cd,94
10950efeb,103
a473f26bc,103
d37745aae,99
bd6862590,103
a6c8a28d6,67
4b648670f,103
d1993c898,67
f6820c410,91
68b3481c2,80
fc8af9bd9,85
894954440,87
d94097494,67
ff5892e0a,67
5d3cac88b,75
288d4365e,75
7b1267e49,102
a1cce28af,52
3224015a6,67
5771f876a,49
fd34d7c8b,52
d169dad5d,95
150643baf,67
fa53d140b,74
bc199fa70,79
8e1e85931,76
6009ca42c,87
69dcb9a3b,14
111223138,95
3469925a7,0
4b8fe9f3f,77
fb41fa092,22
b3b55322c,73
0d8d7ecde,49
ed55919e7,88
600f01e91,18
0e3f76f4b,53
28dd39f92,14
d0cc62751,40
d5c5cde4d,93
931cd1858,53
33d008671,81
9ec91d6b5,4
e8636b839,49
cb8786391,4
4d0d04ec2,4
688759258,67
275952360,28
478fd662e,13
27178e6d0,86
7c3e5c00d,75
645e0448d,68
5e5672257,29
9fab84e7c,4
db4a05f64,48
9db76cdc8,80
6e0843d38,13
23f960bbc,74
539e41e9d,67
92d56d30f,30
ddb84d9ab,46
4c4a8848a,8
ae5333fa6,70
c624f43f9,41
c77c99cfa,49
b9fb3d0cb,29
8b85ecabc,73
9db94c1aa,79
4d41db87f,67
2bf69c9a8,10
5857637b3,103
978697ad4,103
c9e727ec7,18
fc4e90060,14
4ce9bc001,46
a8bf527dd,6
3db5a2d90,48
d98cbb36f,95
85aeffc62,4
c3d03598b,4
155727e57,102
aaf781d34,1
0bc02eae2,18
30964e186,4
80b87cc06,49
64327e651,46
1a4dc4b2f,103
771b14071,4
e96d15acd,73
19bcd7864,20
eda0c70e5,86
586868059,78
96b039170,21
8d9185540,73
70c95a76c,4
2d17418c3,68
37885d3c0,13
0dd4bac89,103
b78fc427d,83
38235ae21,49
8da1e9ab2,73
9167143fd,46
bd4976820,4
8e59ed760,95
ce028c60d,46
c5fdb2459,13
c1c3919f0,13
359c8a8bf,50
288772300,49
8fbcbbcb5,91
dc53769ad,73
30e522542,0
4b6dff5e4,91
34589c202,103
9b40a0513,47
df3b6edcf,51
9f392cb03,75
539a14033,13
380c9c318,32
63bcdd5bd,21
8212b672a,28
b8741ea9b,100
9b442480c,103
050bb1262,30
e66879b66,103
4bb5dba59,0
1432b2d26,75
d0e47da08,102
bed3cd944,74
2cf6e6419,87
ee23e898a,103
a5d301249,74
3294a097e,82
d23336d37,79
dd88fcaa1,53
6a1f788d6,10
64f0cfc26,47
f00ba69b7,28
87a37b4cd,47
2d54b796a,79
087d3bbf0,13
8776e1949,49
d14a0c9d2,4
6d7138997,0
aeefaa66b,97
6a8422b82,96
10bd19c33,69
24ee77db7,48
afa2ae498,9
1d8ca740a,17
68039396c,75
fe3642b3d,48
adacbebc1,90
0dda08338,4
ca19d9909,73
78d30851d,72
1f8e21c54,49
5e6e5030a,56
8bcc6b0a2,102
e42b8cc4b,59
aab7f897d,77
03f8a7638,48
0313b9d4d,71
59c2eeeb0,53
f9b4d0e4a,12
5998b063c,68
f7da480ea,53
1d145016f,0
a05706206,49
e60c3bf54,103
7315d2e99,75
404661213,46
317d04297,22
9e4e812df,5
625a9dbf0,96
eef64c945,93
caa9982e3,69
64144b5a7,80
9d7baffae,4
465acfa7f,103
e1d48d997,49
0ab78aa76,48
bcd277266,103
8876c6402,13
0cc1eccf5,39
f04b99dcf,95
4b9e61e38,28
7547be627,53
0aa1d9c98,69
d2dc32c18,95
e283e73fc,67
ec9d1154a,39
f0a786428,0
47ac366b7,39
3303a56a6,45
bca8bf0d5,13
cd20c00da,64
6c5cbbdf4,30
a086b2043,12
75c1b1a9f,68
51ccfb7c4,30
6504eee67,4
58e9042e0,30
ab1d26187,21
3d17ca258,91
4ec8b55c7,64
d146e8595,5
cf68a6af8,15
caa580f63,93
431dab6d7,90
ccbe77cf0,95
fcac5a7e5,20
3df11cf29,49
9c158e3c6,75
db63379e2,83
b5253f91a,47
3776f98a8,43
3debf4070,14
0b25964e1,4
e7d7fec7d,59
376134aea,49
f10545931,35
891e42a88,45
cb82723d1,103
4c25aa614,4
1e3e2da00,18
7bae0ab5e,76
9bef7aa96,95
5ed174c75,96
564a0856d,5
4f2196c72,86
e8d0e382a,90
30f515f27,0
04a069392,75
dc39aab6e,55
0713eb9a5,53
0d558f91e,67
bee47a94b,67
6bcdb2495,81
6d711f23b,90
7dea65fa8,50
1c5dacd9f,69
88728f169,92
f8c41bdad,91
4c5a20840,4
1a6e886f2,102
9e60a5b0b,75
d6ded3726,73
0ce2742b7,103
3c22e0a0e,4
68c50e34a,4
25b6d41a2,67
629160ccc,67
664ab3455,21
5885a2c34,74
c4e7f3aff,52
857a39495,102
94d387cd6,53
1b8a45d4d,29
c8cacb55a,42
b48c962e0,25
481c58d57,68
ee6971d20,48
496eaacf5,59
6bced57ba,4
2b7da32fa,79
904f86ba0,28
bf7b19901,7
a7df3f054,53
0afbefa46,72
41e36fab5,18
8935eaabe,73
4863d1e67,85
1c35c04a8,53
855c5dccd,4
7c8007f01,40
7409a08d2,102
5689bcc21,14
3a19e432f,53
f03697dc0,94
7dd683db0,30
62c459f66,93
ceaa96cd6,103
b35d89433,50
5ccfc8dea,4
4a5172bd5,26
55f00c851,90
d5766b84a,0
e611ad6ae,67
86dbae006,52
727d99d68,47
c92cdfeb4,14
1f1d99593,60
e9c29b67d,48
fb83a0899,87
cb02dfd8e,53
414fa5cce,73
7327abf40,93
1fb45cb2b,93
9294f2050,7
46d8e8e19,77
94b493650,53
4884ed7c2,52
2406e977f,49
e09c2b70d,35
994b891a6,49
719e9e88d,75
4f4574478,0
a44826a0e,53
77767dd21,103
cbff5d0c1,48
24bc6b404,78
85e11330f,96
3eba562ed,86
3e043e76d,40
c874dbc71,28
6e3303932,55
cad6a0d66,53
62b5e80ae,67
7e85cac95,5
3d0556ab9,8
d8346f57e,82
ffccd38bb,71
85c84a176,60
c48f8f050,4
480dbd0cb,74
2eaf291d2,14
0c56833c4,75
6a9f813a1,47
e7791dc5d,22
a1ae9344f,28
5c71c2638,48
4bfdec3b4,4
2ce1e0b6a,30
81f2fa04d,50
2c79f3a6b,95
5ee6cb24d,30
fb2895935,67
6c1e0dfda,13
23ea06b99,95
38d113afa,59
3d000dd19,68
ac67924f9,64
90e8d8225,102
fda42498c,4
d1dacf9dd,91
195bacee1,4
ce0668511,53
36da5e9ca,53
7b6d30721,22
da6f46b28,52
8f206287b,48
ca1b7fcd6,74
76dd2577e,93
a3119fa46,73
afd56596f,67
57787a61a,93
cc6a65411,56
77e34e261,4
c0dd27777,41
3f7a7e0d8,29
bbe2e7c64,51
f18556a22,103
cfe404d71,49
7beeb67c3,47
5e69e6a8e,93
1c0c4fa86,8
5e216ec7c,69
5c38776b4,103
0fde7a334,74
441c13b73,73
38b48be78,50
56e37b524,67
402023b27,90
9fcb174b6,53
e2194cc70,67
315d0c65d,53
f985ee0da,53
fb91caf96,7
476283f9c,48
d09882bb8,46
06cf3311a,48
d46919710,70
c96004e94,35
64f9d993b,58
3816dac91,73
a24932259,4
f65475a24,48
d907ca7c0,13
d4ab201b8,103
ed308c95d,30
035f7cb0e,49
38cf8682d,4
117aabfd8,29
2b5d0e5c2,72
b7a8c231f,48
f42d2d722,47
d69a2d62b,53
0d27bbb79,46
099a2107d,45
9924275c7,48
97a7c1e5b,87
bf54b2c66,4
89c87633a,91
b51c9863e,43
03c9840a9,71
a8a8b4261,74
65d1f9b28,69
359625cf3,40
05a947c38,50
fb56bcd7d,73
39e216b40,67
c4081a31e,68
20b97d483,0
4de97f685,59
0a9e05e74,80
36f02d6c2,93
35946cce9,4
38fdf8c81,80
3052916cc,30
b022bab0f,59
202a8996e,83
e2cb25f6e,22
485a5ca01,21
6291210cd,103
26a9dc162,66
e3e51f37a,103
21b24a7fd,12
abd425a9c,101
d53eb8a52,103
72b3fdfe8,67
777ef8066,67
bd9cf6b4e,4
fb8d27d87,80
c9cb86f46,50
df5a78c3d,67
3149540a2,90
274009fa1,40
45162353e,75
58a01b39d,7
cab155898,46
f9618eb56,95
042c90107,74
93100914a,4
1c435d13c,4
60a51b6b7,46
42ce82871,48
1951c5fbe,4
08516fa85,50
f41acf49a,10
b840c68bc,67
bd2e8c9b0,4
71aafc964,53
2861b1d79,58
b63ea2bf3,79
a3d606459,49
c33ac1a9e,4
26bfb56fa,53
5745b1abc,72
9e31cbe3b,67
05ad9d40c,4
4cb8ab033,60
86f4d84a8,30
69239f8e7,13
46656822b,90
4daec49fc,103
49f972c08,0
123a13515,67
afe1e4f66,73
39e73d88c,3
30e68f7e7,71
345f66bc8,13
b0c7165ba,95
720920606,94
33096a299,103
4383d6782,48
f353716f8,77
bc8917394,72
cd053695f,94
132ebe116,0
8afe59d10,52
fb223c3be,73
3f315b0cc,103
de882d4e8,67
7d9caf815,82
400353bac,103
65ad21fda,4
2c009b580,10
8daf31854,45
f61465618,79
003882deb,9
e8746af68,49
8f9a206cd,94
e72d6bcc9,14
c162978be,39
ec40512de,39
53c6c23b1,67
813efb8b3,83
c8c88493b,93
0b8824c7a,24
5228fb3fa,89
7eba030d5,74
27e7900b8,103
a167a159e,50
789f0394a,95
d19fb376e,40
5e56f69f6,77
adad9bef9,93
f01658320,4
6d8ba2cf9,55
2a9af9154,32
7db7456c8,8
006afe0ef,91
93efa8927,67
a425fc6a7,48
bce769fa0,13
7b63ffb33,49
a546be8e9,4
22207b7e5,39
2a5d624ae,67
8b4182aa1,67
8e96d5481,85
2ce2f09d3,4
a6672b875,29
140c059f2,102
5eb156e33,103
16c7a397f,48
e958b63e2,65
f8eb6ec7c,79
423c62bbd,93
6d2e2b6a2,78
2bc5a1d42,67
a11918aa3,53
92c92500a,10
007455d6a,11
acd61abf2,77
9b3779536,80
1157fe26d,72
c7827133b,50
b390e248d,93
cebf5375e,74
fc354c0c0,77
35372e4f4,103
d96704410,42
19e44b02f,81
3c3316506,56
87827d39e,57
ba9fa9f30,49
dd4899180,103
07be81d64,67
b6bc88c1f,58
c58d1fe16,72
b3411ee1d,49
6ebdc31d7,70
4de9ab35b,46
12eb5dc94,56
ed7123e07,102
db735ff57,18
b26f33224,4
213cea039,76
381bc1702,102
e20191edf,24
0501292e5,12
114c7355e,0
29a77c458,4
ab5f64570,13
bf4bc1677,42
cd88f6d4a,28
00d32bef1,4
7e8b191e8,68
14e124c03,4
79c1a3d97,73
5eb9825ce,93
8eb64dc4d,95
afa3fc6ce,10
f0de6586c,93
e240c69a0,102
459ef45ac,39
e25ca1054,4
ed0be72ef,10
5b15fd082,100
4646117ab,12
83302ca82,74
6a3e093a7,13
03333ea62,70
0b3c9e1a9,14
ec68ef123,0
0faa6c65f,97
59372c831,103
f60ba81cc,85
7d58bbc35,73
04fdbddd7,92
a7bff7fab,67
729ac5e06,0
08c71ca8f,10
5a11b89db,68
9a863b9ee,75
58ffca855,73
8de4ec677,102
aa016ddfe,4
58879de83,69
366fd6686,66
081ee9650,10
fda794abb,67
314dd31b2,83
4630fb885,103
547815be0,45
dd4cb3fbf,39
7eb988267,73
8693ef6b1,5
cb59a4824,67
7f3e45975,36
31ad8f4ab,87
fa19200be,34
8571d6622,45
cc4399647,68
872eafd2e,94
a9cb1cf8a,18
6575f6563,74
e2fdce920,4
5d3d71c05,14
807ae65c5,47
0875c4f20,89
61d0998a4,48
4746340a1,75
cd6748273,68
dd613b9f2,76
d1196d6ef,49
ec6b3bff4,52
2957381ac,13
c29915daf,51
9a3f6c785,74
edbb2c2f5,68
9009c7887,80
0308348b8,14
441f60624,93
734fc53fb,69
eb92d9778,17
392d4f5ab,77
51f607616,14
b6eb04bf0,71
74aaa5e78,5
a2e48b4b8,63
6802325de,71
61547bf69,4
310f07ff4,49
1a0d4b775,4
57f7948f4,63
5ed355568,96
700cfcbd2,69
17c8dae41,72
a0ea70e97,28
9372a8558,80
8a81cba04,48
48d8779bd,94
f9c4254e7,14
19a795eab,79
087a71f75,45
1101a003d,29
aa85a14bc,10
9d388b6f4,4
72b388c16,48
4347196c6,83
57cdc3f59,90
67b85d53e,45
ecd73311b,0
36a930b87,80
bfd8234f6,73
42a9682a8,24
ca3dd51e6,48
2f36a9903,49
2c8b6d457,93
a8428cf05,83
be9d52ef0,41
78a777eeb,67
88f8cca3a,53
d8d27a914,4
e95556293,85
fd53118ce,77
69ca9a78b,13
5c88d781e,68
f77e765b4,14
acc5f6c4f,44
0b982469b,53
c46f7eba8,18
9cd8464ef,102
306cd2f2b,57
d4bd9703f,103
40da3a46b,51
7d5126c94,103
af181a2a3,10
7eb08a18d,73
c76daa7f8,7
435326c89,103
f86503c22,67
b0ddbab02,99
974d0a175,60
f10187efa,49
74837e719,90
8b86c4635,48
2c2f59092,99
4cc12b820,9
b3faa4ebc,71
4f7f265b5,95
3b6693e00,14
5d59f9a69,45
33ad24008,47
63bec561a,68
5359b52dc,14
cf86bf7e0,103
3b60b5bae,77
f68109bb5,38
72e6df7f4,49
d3cdb9655,102
ff0e67f2f,48
35d5521e7,68
cdd700dd9,4
730cbd08f,95
034fca563,103
50ae0bab4,10
8d9ce649d,73
f23084f4b,76
9351e7281,56
4f5abe367,102
b9fb466af,53
60e283191,103
e053b45c3,67
3b66bda54,4
adce755bc,10
0a2e4e1f8,48
30da0fe81,11
805a4dfb6,72
8deb17128,47
f1516a306,67
721e72651,50
7244c8b3b,43
2c2579451,12
cafd03a2f,102
11ce56786,29
64a1bdd75,49
aa5c575fd,67
469301bcc,1
96c6c97f9,102
7d47fa7ba,67
5554ae705,49
6fcfa47b3,4
e0df04630,17
8bfb79995,102
4191c5547,49
ff1935c29,11
c52b1e973,46
d7a64d386,67
d8bfdb6fe,67
c2e2626e4,81
09c208a92,67
d7b1f9c1f,45
a7b14afce,49
e7ec33080,62
b12c4cea9,103
6a2552916,14
d5f6e40f7,48
b043db93b,0
d470e311a,24
ad81d29a9,7
79f507d4d,13
d5b001638,102
58379dae0,27
01163c5e2,0
ad3eb529c,48
0eb530d0d,102
c9db9600e,52
25b7cecbe,4
14b239870,49
651d0b2f9,7
a1b523d1e,86
6fbef3988,50
e45e707db,14
7a7c505a8,18
5906e9893,49
735783bb8,82
4df5a7b4a,87
e079e7ca5,9
024ecc6fb,77
39bb94d66,51
4217c1328,89
eeb419776,102
babc5e002,67
1b0656451,12
50f33fc4a,89
28f0909fc,86
e85121a2c,49
41f7c2604,61
548fe4d32,80
2dba0571f,103
5f024c911,21
d483748e6,94
ecfc076ab,20
a5f5634a7,75
70e6b4f07,46
bb91e163e,102
7b1177392,77
04a7f34aa,67
b83336a9f,4
110dac9f2,24
e2b90e868,23
284fc118f,49
65c796a0b,48
467025843,53
977ebbfb9,103
00f05ea9e,103
c5f7f7fe3,68
b7c02d7c8,102
2a40c5664,91
e555f7ecd,103
0186b465f,48
674e50421,50
35659b2ff,67
e109f9b0a,4
fb78539c2,81
7cb1fb42c,18
4dccae9a1,102
42e378280,93
350182af5,97
501229169,50
7fe424fe7,4
19e07f757,42
30e800167,103
79f93fc6d,67
36444082b,45
991294873,48
80ab4469a,102
a35a4626f,102
bdb501796,4
3c36c119c,30
da0a25a77,102
8cd1b6545,24
224416fdb,91
878bf09bf,103
392443fe6,12
9fb9a9e81,13
313055a9e,86
979d4369b,65
435e0f59b,54
e207a9c22,49
c51ad1704,76
5699993e6,14
02073dfee,29
831348989,36
f0fd3d741,10
ce3c158fa,74
541c4d41e,102
ffd3661d4,103
9704969a7,4
0cfc11aec,49
333beeeb9,48
9fc75b12b,4
3b66e2c2a,49
a51b01392,73
0120d37e5,103
8899f1bd1,4
5002bff77,103
7b825842e,53
3a1c2ac95,55
72e6235c1,76
1c4bdac93,68
28f90d5f0,79
760068096,4
19e95658b,103
50ee680eb,51
11b0ea314,12
a19256173,46
36c344ab5,67
22eaa8132,49
2b782bb3f,79
6939eb499,14
400b2bbda,45
edbf64b0b,48
e40a71ec4,80
a97dcebf1,4
d5bb1b0c8,16
4250ed062,25
57c754d1c,102
386e40044,14
a8331323f,27
754cd2605,49
f3e315051,46
6bcb5a502,20
82df3c1b6,45
4cbdaf60c,103
7fd945d34,47
5a543e058,49
5762da038,20
7d2cabb96,0
8523c7858,4
6d789c449,10
17ec6d74f,30
4fd5cd91f,22
08a1c14db,48
b4405e586,67
319a4d6d7,77
2d611a037,2
5b3739564,76
98ecbe0b3,67
497a53f79,68
62a410cbb,67
161a7d556,102
f2586d647,75
a622a8c05,83
7a90903de,73
337c0f7d7,65
05e218a53,94
62822763a,8
1c4a00029,53
92e7e630f,11
4fe65e8ba,49
30e9b5b6a,102
358530103,67
cac40db60,20
a0faa7276,87
87de4333d,53
a9c8ee568,67
2461915f8,102
c164f8571,97
77a43b493,14
d325e5d76,14
5b8f09d2d,14
124e119b4,13
7dce481dd,0
4d0ffe92c,67
4925bf95f,70
b8bc9b3b2,71
98033c300,28
8988c222e,4
aca9ab734,103
6d984df89,49
472c84cce,13
321437b6c,68
c7b1fd88a,60
d2277f8e6,0
282419eda,67
3505d54bf,49
0a73725b6,75
5b1892dfb,74
1984a614c,81
3db6ed179,87
9824cd034,48
cefe64b4f,36
408b2d234,14
22cef13f0,69
171d91683,68
486ddc6d6,75
9d624affc,45
faa0dd647,76
db65aac8a,10
1b3705cfe,51
d43d8c9d8,50
9942a5424,67
eee191638,95
824eae734,70
f5c310736,4
6e7b8fa3b,96
ae78a372a,48
7223d356c,30
7ae791f04,88
6550b53ba,43
d9bc877f9,103
bf4c39972,4
4a14dd513,67
04e0d362e,49
ef68e319a,4
bc45792c0,103
0dac4246a,90
958e9761b,49
eed18198c,21
5f22d82a2,58
0208143a9,53
7d825a631,94
b70a1ef51,66
e6c7eecab,103
4b69e4daa,14
5bdd76ad6,93
93e1b1b57,73
be2c310d5,93
1770a3955,39
52592a2ab,14
4e3b3b3cd,75
a3fdd2210,50
6326ba8d9,72
d007caae7,91
657a2302f,96
046b83571,4
4e3f96c83,68
2212d47f2,62
4181451b5,40
6c52831b1,97
c081f5b7f,45
3aff0dc0d,103
d08fafe17,76
ef26ad662,12
761340c6d,30
5ec4acbb4,75
d98e07837,72
da3a23d4c,49
dcab7fc67,94
0c288213f,79
ade9181a5,26
3ed70f179,71
b96a82543,73
393b7dc05,48
cde20b1b5,4
2f5064517,77
e9c5f7cd1,48
38f6562a3,4
04da4955d,75
01f76a519,18
4af75b596,67
36c06efe6,75
e8a6ceac5,4
187ba6ef0,103
8f4a554f2,68
67a25ece3,93
b187b258b,36
d8f9c9f6f,102
007258826,49
ece8721cd,48
61e0f377c,67
69c63b4fd,2
ff264d2db,76
8dbbf9d19,14
3af4c8105,103
4a9f824f6,4
bfd311430,75
8e55f2268,77
9f4b942ff,13
146fc86a4,88
fec3fbd0f,96
60d83cd0c,29
a249400b4,4
1989da31f,4
957f42d35,103
9dfcbdf18,49
6fbdee8bb,51
638d987cd,16
6f40daa0e,48
4c184156f,86
80c9bb328,75
da00cc5f6,83
9b28c9ce7,74
2d0832480,62
7d107974a,50
e68f95550,86
6b7f80246,36
7e61b7ed2,38
743a39958,49
88735317f,46
57a59f1ae,4
155fda1aa,4
26d9a1072,67
ffed2a555,65
0ed9ee6bb,67
887fb3ff6,103
dd33d59f9,28
679f13cfe,53
8a8fae985,67
9d375712a,55
6366d7061,90
c85a1d564,25
1b4a28bcb,48
fb5b6c2e7,103
9419289bd,75
c1390c263,53
2ea467d26,45
55dff9997,79
4a349dc90,103
35c0567f1,0
b7ad587a2,8
25079853b,48
ee9242d3c,77
6daf9a7d6,73
b7a815e07,95
27d271279,4
1a25cc01e,49
0c076890a,75
a20b98b33,53
78c58095d,103
cdfa5a4b8,74
3f5c2bb22,16
c3a60c66b,72
82c3b7f7b,10
627e5cd5a,19
18414db75,14
8e66ce122,62
4fc561f03,62
5cc548c43,67
e2372e47a,54
651a0b6cf,103
025c07b54,51
909e04f8d,67
e1499d78e,14
785e7d196,4
4f6762363,0
e36cefcc1,102
d85f2a17a,8
bd35bb1c3,73
5c54f01e3,80
3fbe83f91,53
0313e231a,47
3aa882bbe,103
5255b9b6c,26
7748f8039,73
36c544e98,103
875510d5c,67
58f68539c,54
3b79d913d,79
8182d588d,7
a51dbb7c5,4
dfff0c929,76
77ad23821,77
96b2a73ec,28
61f237fa5,50
b5fd782ee,28
53a05f5ad,4
b2d9ede68,39
74b98cfd0,68
86afbe278,49
a4a05f743,10
d0661be31,82
1c64ecac8,68
200cac2fd,47
5e0e038e0,4
794b67c42,93
b9f422445,13
167bb4270,28
14b62edb7,103
37aab2807,4
455ebacb0,95
117551743,87
a20b7d9fa,68
103a5633a,102
35975d1ab,30
e6b713626,4
8d6e9cd06,93
bd401fd21,103
d9cb87ad0,64
556f2c5c6,77
5f91412c9,1
ecadeb0a2,86
b46f208b1,83
2ecf2e9de,67
6d16c986c,67
64a00a8a1,67
c0ecf5eb5,75
29d5a8bd5,103
5d238f402,103
2395c9740,49
6cf4b47c1,76
1b0684dc7,4
8d6118759,94
02d70ed11,7
715656abf,4
97cf2d9a6,103
4c039d563,103
50749d154,9
6c360b751,69
5ff5a39ea,73
b3deff050,30
1a33ad4d8,49
fd0121113,102
057cfa1b3,75
919aa404b,13
5bddd9a50,67
7cca3e7ec,4
3cade7849,14
b335b5bd7,67
5cf823995,87
b5e238431,62
0a90e5cb9,92
d1cfb6a0d,28
afa405f0a,53
6fa36a899,74
e8e62aa32,69
5d56a12d9,30
6be94f8cf,72
3537c6c84,68
c11fb922f,18
346182497,49
66cfc023a,93
0b8333bd9,68
75e6b445c,24
4abbf6ecd,4
5febcda99,74
8c7950b1e,4
95c77ab53,73
e91e87dd4,48
6ed6b136a,75
de757dbb0,103
991108b09,4
84fc267ba,54
01520f1c3,90
a1b220f98,65
43f34500d,4
d66dec02b,4
d01453352,4
c590e76b2,8
53033eeff,16
790eb61fb,67
6309c0fee,53
1adf45393,103
d82441a6e,90
786ac2686,98
3bd1136ef,103
27455ebf9,4
9b608697d,41
a391d5adc,48
57c0bd843,53
7965e86c9,102
f0abbb0a3,83
054de124f,48
a98070f17,29
75607a399,103
caa1dd6ea,50
c301cdf4a,80
18e4061dc,86
98a3b2209,53
876b105eb,90
b7063973c,28
acbe731d1,0
7ff8d6f85,48
9750fe0c2,4
09bc0c309,53
35e573945,98
94ef8e44e,9
ef123cabd,0
eef606ee4,80
5376bd006,103
1d3399cbf,98
72f51631f,73
b62a1a945,14
e163f8333,68
ef591cabd,23
76311e00b,102
690f1dea5,49
3f3cfc6e5,103
033f56581,21
e23369e1c,49
0502ffb63,51
f9a14ea8d,43
4a42f34cc,79
a7855a3e3,103
12c03d834,78
463545278,53
f48aad6a7,67
ee64fb7d1,10
9a8d29f7b,75
63ac3780f,49
1beb4e8ef,95
a17d53e19,47
4546ad0cd,38
b27c04f88,103
509570780,4
8a0b0f47a,9
53d1111f9,103
0667667be,68
39c5bb98a,82
7af3ecde3,64
cce4b16f5,36
3bb893d48,49
fc6b8b594,70
c0a9efdcc,99
0ef6a4923,14
50b7b51b8,50
3af79d01e,74
e6135dd8f,27
7059b2c59,89
2a499fa40,67
d0411902b,103
5f729cf60,53
3be259713,53
57d9b8302,4
757e27b6b,47
a7af85579,62
b8c434ee9,103
e3b0ff721,94
d08d707db,48
a048044c1,102
4d88ed603,4
0f0ccd222,73
63ed2755f,49
72606e8f3,87
1d3f0519b,48
2fe816ce2,13
368d86c92,18
d75974136,73
77759374e,77
c6326ffed,102
4194b2615,16
a68286bc6,48
0dc507ad4,48
c87c12901,30
5df38050a,75
26a12de02,95
61290cc43,0
3a81df4d4,64
7d759eb81,70
f99834b3e,90
cc9d66275,65
a13d3dfa4,50
251a8d95d,53
2072cd9f3,77
d7388a066,68
53b2da1bf,103
c785abe6f,7
a98328317,14
e0098a158,103
0ae82a090,86
73a3ae7ee,47
410639882,85
5b87d8d4b,43
885f2eac5,86
f4cd5efa6,69
42b0abd95,50
73092f468,4
401b6e0c9,14
473c84ae9,13
d9aa13213,51
8756842ba,30
41f6cf7e1,48
b1041fc0d,71
6c6ba5d80,75
2b347b559,57
33f20f40b,4
45c6bef70,73
c251cfdb5,75
c2915a59d,49
9c2f4d9ba,67
58c271df1,3
4c1b8a5c3,4
62ea468a3,3
6e3c0fddd,49
0e0caa0a2,68
ad9a77e7d,68
9e3425ede,4
e8c49e13f,57
e8612373e,75
58ff8f465,49
d9f3637bf,13
41beb5c12,25
e0c7c20d8,5
13330e605,55
206b27d1a,3
97f545d6b,96
600bcfc2b,28
299e1957c,48
c9c069119,95
8f215711b,103
f29fbbe61,73
a80f444a2,39
e1177c121,53
657464c72,71
56f6e9dca,67
264d83a6c,4
9a302252a,91
6b227f122,30
d2b357573,43
4e6d9fad8,43
6a414839c,28
6f4179bbe,102
9dcdd11ed,75
57cd097ae,73
98dba17d5,10
049402ee8,102
7457a241f,53
2b95366a8,0
9debacefe,73
05c9fcf03,53
700fe6ff1,103
470697d01,49
bce577229,102
577a972a4,24
940485a6a,103
905ed2774,103
9804741b6,53
5536e05ee,73
0551c57d5,53
c27d7bff9,102
288510b49,73
d185711fc,49
45c11697c,103
c2300272e,4
1b6242f80,67
757541c30,22
270611007,55
a22110e6d,13
776fe6e63,80
e32696dd7,69
8c6fd0ec8,102
207684fb9,67
6a63a8764,90
42b92a427,63
396d20b5d,71
059ea5059,12
9a513b251,36
f421c6ffc,73
f096291b7,67
0e6cad3b3,45
dbff9bca9,77
1f3e62b48,21
1394e9ef2,103
e9564dc47,68
996a4ac53,49
29026b0a6,98
bed5e7833,36
22adafc7d,16
8816f311a,56
8b8836103,45
abf7ceca6,4
a8b29edd7,83
5d06b5c76,73
2b8f0ac5d,103
d8076fc39,75
e8993867e,11
d3ba42b8a,4
72b64a25f,10
5c8d0266e,90
240e151af,67
eaa6a3f7f,103
1ca8e07c2,50
22cecb30b,4
3510270ee,39
ac79edae6,23
a05c1a9e2,93
a6ec0a798,25
4aea86d3c,27
dda771b4a,49
9fe8be4ac,75
b80ea5db7,47
cca529347,75
a235500d0,66
012f05d4c,67
6fd250f15,103
4fe780b27,50
7ea4fd1e7,44
7ce82e1a4,73
4b4223c92,14
27753debd,4
e00cdee28,53
5a5fbb94d,48
18e22af9d,48
334118e8f,0
8e70982a4,93
79a025018,50
67e65b379,77
29040ce6b,4
d39e4ad87,103
9f447b11f,102
657d7b6d3,82
0bd70c4ae,94
f6f0e3d49,53
ba763e4ad,102
2367b5056,102
cf192fc6a,48
e8c36457a,102
1c5a3287d,95
db9c84b18,103
93e296cef,35
a11b09e07,0
70e87c482,4
ec53f72bb,33
2994ca253,10
82a14f17f,5
8559d49e6,87
9aa2210df,46
b1adced44,30
35e005ed6,68
79522023e,40
8b423a167,62
d3f044336,49
8cb48a7e4,43
7e58b251b,10
2f8b40852,71
925de0d45,3
fe1615399,86
b80695478,47
c90a12d27,7
1e71b66ad,58
d376c4365,55
4bc167a81,4
988f93442,30
7cb07f8df,79
5acae87e6,0
7fccc20cd,103
6d233727e,11
c3432750a,4
b1066d5b5,65
a324dcaed,30
f8da03f7a,75
035e7fa21,68
4f21ae7b6,49
4e99c537e,4
0bc95f66e,72
dede702d8,22
79ec6e32a,37
ae804f35b,75
79335a465,103
3e629f05f,77
c128b1e28,29
fee53d77a,73
82fdce8f2,12
189976301,67
f84be6387,47
792982c6c,14
4ff518045,67
db53bafc8,56
77b8cd935,70
2ddbb0f83,80
0993a96fb,45
72d1bf434,34
c3222a379,59
498c0b419,73
78b988645,77
fdc6bab48,48
1f411d101,103
ec07ab0f1,30
111581957,9
4bf1812c6,67
57af706df,45
97b3e2eb1,16
4f87dd5ae,83
2af4172c7,4
0aaa84d90,103
f69023f40,103
b57f26c3b,14
9cffa1c67,88
4ea0a3352,4
5567bcd26,49
90956475c,50
7afc693b8,98
c1435ebc0,30
534764190,103
18ad828b7,69
ee578c08e,103
c63427eb2,99
04758b7d2,49
0aebb315e,79
6c8eb5daa,49
5e2f03974,50
8e681fe39,28
d314c03fd,47
5b3de280c,67
95a484b75,66
0094a72e4,96
2e8a14696,53
a5a71637f,68
0cd2a25e5,76
e0fe7e2d0,30
e7661164a,103
9f0f27251,102
097dde704,63
a45f859f5,87
d8749b8dc,90
6b8989275,103
c54d38d9e,94
c08671252,28
c548ffbe8,4
4fa678f28,51
ea41e95b3,93
ef8f495c8,4
54dc06c7d,46
b17ebaed0,73
1513105d2,68
b64db46f3,67
bc9873f0c,41
cf3bba4c2,101
903d6d1ee,46
0f9da9757,67
a15f2da3a,10
2e9790332,18
754250691,103
ee053208c,43
05071bc4f,79
9ddb372cd,74
e0a96117b,67
98cd24c97,4
8925b37f8,73
b909b96d7,50
1f42a9439,74
af8b9e043,86
7e25fdd6e,50
bcebc0b3a,49
18fba1554,52
514b8d03b,80
abea787cb,39
7300f20e6,48
1867b3487,4
6a3ce1e4f,18
fe80ea2ff,29
085ed175a,77
6dfa10ee9,36
dbc79f0f4,4
0be01212b,95
6eefb96f0,40
7600dbd87,4
603490d95,66
d00342c5d,13
21ea59543,73
f6fe43282,5
ae05e03cd,79
6485978a5,40
eaf6fbc84,73
0edbc1625,4
4a99afdbb,16
f73820e9d,96
19466d61e,102
ddb15721b,48
efcc34447,48
9d3360932,28
ae6ab4563,14
8afd1d330,47
b8f76869d,95
d8f8bccc5,53
4cacbf1fc,3
e64905c2f,103
269d88554,102
b108950de,53
38477b2a2,53
69dd8b98f,74
bfe670846,103
baa258007,25
73654808f,43
6034d93d9,16
43fd926f9,50
3a9b30bf8,56
e557fab37,48
7859791b2,88
6c77db7f1,103
44fb03a32,98
b9eed2baf,82
5a078c961,94
50a98f706,103
30e82e694,29
0be370901,4
87f8091d2,73
ae4b7aec3,103
78ceb6218,73
40ded13ea,4
d81994ed2,79
1375fd010,73
61ff4902a,75
fe214efde,75
b364a9362,14
d4e9355ef,4
64803f8fa,18
811acf839,49
8073355bd,103
57a04f0ef,49
5f66aedb4,17
972c95932,73
ae8e3af92,29
96a197cb1,77
d5cd9674d,70
93af01df3,73
d5e054427,71
67cb3cf97,79
dfb5140d1,13
132144011,7
f53f2f68b,75
67d5e3bf5,14
cd4bca93f,50
eef5aa7f3,68
e665e264d,4
a71e2481c,78
d9d6e7525,73
7d33fa1f7,67
0ea98df12,49
ee58ae806,67
9be9e90cd,48
1bb8d0c39,39
d5198c9f6,61
85d27a16a,53
9f9578396,78
abd803ecf,49
b078f662b,4
6ec67346d,73
8a5e8c715,27
54620ca30,62
1d9693978,57
900f1f50a,0
6adc43d81,19
1a902c080,49
c32f14d9e,67
eb1ac3552,4
cef09a713,0
bd049d019,102
4f14ea184,103
52e436680,90
c87d22df3,90
a3b63b1f7,22
ffcda7d10,53
0b619448f,103
9a3a414d4,7
34a95a94a,102
bd3518b92,50
2e31631e4,27
875d61521,45
ac263553a,67
bf8a78505,39
82e9c6954,50
ae6b4c59b,103
093f50986,7
32bcd07f0,75
8b2b9d6c0,4
237c95bc6,13
386369977,95
68e87d794,41
a5d650b37,75
4b0320af7,103
6be539abf,71
b8c3f66cf,14
019a2efb9,79
1f5a8d8c0,0
3beb40bce,7
c05075421,102
804f7c7a6,48
c6fdffb79,4
1ec665f37,50
90b57e4a0,82
dc40a9854,21
f1babf32a,4
333118494,70
d30f4ccaa,49
2a017a2ec,95
99f5a507a,67
a9a1e0332,49
2194ed33a,74
6ee6d6c48,48
465f2ddcf,103
cfbc79ec1,67
c64eb3a36,47
1226ffc63,94
5dd6b63d9,47
a5b604f04,82
1706c5144,14
d9e7e7723,45
baa0d1cb2,50
a1a26657a,50
d89e84047,67
9256e64b8,30
fb8be9bfa,14
ee19b7f65,67
702cf1671,80
b125a5970,54
4208f72ba,103
e6c9612bf,50
31dec703e,41
2ef28fa69,4
624196c26,67
d1655f52d,14
2c05dd6e0,73
832e7cf1f,36
f986f94f0,36
e2987599c,12
5e2125e43,74
3ff83ac2a,67
c701bae84,75
1a9d0eae3,48
5a2911399,0
d4c799460,39
b241ccc78,0
405a7d77a,53
41230fe49,49
e6ec47b1d,49
cd16a306c,82
f89a5307c,43
9b9c0e574,68
b9e60ac3b,67
78dbf0e31,103
478e21c30,14
a51abdf4f,9
0cf6cceda,19
70d635915,82
7efb877f1,103
2df00f8e9,74
fa612d18c,76
ec60dee71,53
1f244d315,102
67056dfa6,75
4abefc989,9
1dc234d6d,48
6521bc49e,67
cc9cd7803,68
54f73d67c,14
dcbd123a6,70
a91426ca4,7
c7dad9e04,48
15f331c1c,4
75d255458,30
ff30e8b96,26
0dd7f1f16,30
662f8bc0f,68
2f4c11e66,51
6ca8991a6,49
4ea1d0d52,53
01492b421,93
466f28358,103
237fe1fb0,30
37822e7db,70
4d9a5c0d6,103
8c8ffc7cf,89
6dbeff852,30
fe590ee52,102
9dc89dc6a,0
c5fda34e8,14
fbc29acc1,4
0b624f751,67
526449d16,91
f14b84f95,43
f78d35dfd,54
6db87048e,25
4bc218fab,6
274f4bd2e,87
228f748d6,82
db9eca137,12
2f4739680,14
0fdf5073b,68
a73efac60,67
ee2b50aed,22
e80ddeb7a,39
2688f98e3,12
da2d9bde4,103
44c94e8b0,67
3accec78a,102
b2104558a,103
12b48d46f,70
b1ab363dd,103
d0e21eef7,13
ca0113f84,1
c3ae73094,74
b983a51bd,103
e56f9fd6f,4
63348128c,103
7e4a5d836,82
32a2079ff,49
93cdaddc1,57
d93bfff1d,67
a567d4a59,4
3cd423fb6,47
764a3885f,86
8d2b32b02,53
c83825f6f,72
f58d7487e,62
5da84086e,58
da6606b4f,49
dacefb140,17
362fbf850,67
94da0ee7f,102
b339d0a61,103
317c8b0f1,4
71cc05cc3,39
c1553af6a,8
8fe181d94,49
38f3a40a5,103
666d25d39,103
f6482ab55,73
fef98a71f,73
878e5d725,53
477aa8655,68
fbfd9cd87,78
2ccf28e9f,45
c4970c739,67
38faa7eb9,46
9428dd133,53
ba4caa600,49
3ca2ee97f,91
527fe834f,92
c0fb3bed8,80
587e9b784,79
15a4485d5,48
6fe85feee,53
1e73b74aa,103
317b22963,90
7927ce9c6,73
92cf0e905,76
ba32fd161,75
5ce48d24d,76
03e5f5846,46
f3ee3f7ef,95
02c52b451,52
d5888b919,4
26d1c3498,8
8b5155f07,40
7796dda43,55
a6e295583,78
516ef6822,75
b909de36d,77
bcd77e220,5
0835292c7,0
2f57d711b,4
a5eab308b,87
0847f61d9,10
609230590,0
d57064ac3,97
9d65f5961,87
ec15f805f,71
6f6009530,28
8c026ccfa,35
b45b3f474,46
6ea1e9ac0,30
abaee2413,78
0e5ddc603,75
79245d0e9,10
76ad6cdd7,5
79c44e828,103
da0416b3b,13
bc2795b7c,48
500ac8bc6,28
bfda38c44,48
4244d98b7,4
e7bda0661,89
212497b97,93
1d0cc3798,80
9333ee3f5,42
42105b5fb,53
3f36a62d5,98
2c9dc020d,83
b7ecbd370,4
da76579e7,78
96112131f,70
40d992dc1,79
3bef19347,48
99b3a15e5,49
a1f8b0936,53
56737d31f,67
4612e397b,4
a7b95dad7,103
77d850f7e,27
1b474b251,18
2bec0d2ea,103
ada0d1354,59
9154cfc20,4
f552eaaed,83
83c2057bc,39
2a18f7ed4,93
0950aa4c0,14
c1d072b0f,83
d9e1e54c4,4
531165006,73
f73a6bda6,83
27aa48f60,102
8d4598be0,48
544ba8771,4
209e45144,49
8e6591362,71
a0d752238,68
d70fac2cf,77
315a148f3,0
3070b77cf,55
28f52a866,30
d0f992c31,45
151e1bb21,49
d7e737749,55
dc9af495b,13
185f4651e,82
032ca1556,4
32bd3826f,56
1bff5085b,67
8f7809cb4,74
a29efa0f2,53
82c248395,14
9f2d4991f,53
b9bae6b0e,34
f1deb3cc1,102
aa8eef48e,45
1329c5b4a,75
218ffc7c9,13
e6f327757,86
23f7b7a7a,102
459adb9c4,72
45a36938c,54
b6a36c182,67
1e26604ea,21
04bc5ff61,48
dd102e397,103
4bd5d4982,52
0e4cdf053,12
ef7856a23,103
77a987385,80
9fd265646,28
9000b5760,69
9d7b004b2,75
b25c080d9,45
afd01aca5,43
392019a2c,4
d782603ae,48
aec93bbc4,53
2cd58674e,62
6e3716497,30
dc77fccc8,7
f7fd08c1a,103
ad9aa2ae2,79
b99ddd49b,45
1e9cf8264,16
4afd54574,43
9556bf430,68
75dbc2c81,69
8919d694f,102
e39fc5430,36
563f7b16f,0
735b3631b,95
d50341097,70
3c525cead,72
fbc1f1f89,9
994db92ae,0
a7756b411,53
fef2b59d5,103
3353b9bda,17
d15a4d94c,49
b52d8f0a2,47
16b00a5d5,74
343a80f91,27
f9dcd69e3,67
d08960735,73
0ef6541f9,49
c8bff789b,36
e269805f6,76
52171b028,73
4e1eb807f,36
e7d33e06f,79
01c00d9c8,53
8695f4633,52
61f3da6ae,55
0ce7adbea,67
8fe41c548,86
1b426a50d,0
1600cce78,45
d9d483387,4
9dfd91c6f,67
71c31d4be,4
0e7c4c272,57
1c074bd0f,67
a7f5360e0,4
d753dc261,7
701d4ac2f,24
0497c3265,39
fe1857f3f,94
778808485,33
9c1a396f9,87
8175828ef,47
9edb00dfd,49
b6fbcbacb,53
9b444719b,102
db789a901,103
1fe55a939,12
5fbdf775d,49
88c6b5f1d,102
2f29a2a9c,73
43df50ed0,86
5fedd16b9,4
ddb556ab6,88
7c2d22784,43
61b28f8bc,64
ec3f90c05,67
bd439cf5e,53
fd88bb2c5,78
9f5e5ec3f,4
df8c1c48b,56
9b7918a64,94
fee9f7c67,49
73b47d713,103
8eed96f65,82
97ccf888c,4
96109449d,8
7698bb454,17
ee40fc4e5,75
7d0e7bbd2,75
e1f685853,73
a3d8cc563,33
6eb8b8e84,13
61ceb0f5b,75
711216a77,94
af4d8f92b,83
1ca3b1ec9,67
f35bba490,90
d3d08e737,32
318d049f2,49
7fad74e0f,28
9011dddde,82
6f725ddd0,21
8b4dab7c3,69
3d3dbb521,67
7a512bfa0,67
9dfc925a1,80
4831ae48a,58
4d0229802,4
5c597c7e1,79
487a6f05e,9
6c123c407,82
419424bb9,67
70be85fb4,50
71c381469,47
a4f827652,13
8cee8b405,48
aead648e4,0
1ef2e4de1,4
681e2b154,93
a0d5a99e0,53
c753eb6c0,9
c3565844a,102
b846a9ee6,101
4cf56a9f2,103
9a6a82b59,17
67eb6bb6d,67
960b40f5f,75
da4a55d56,26
610314687,75
be3a7698e,103
e0151da58,4
3fddc8eeb,37
a43f7fc0e,49
8c17a992a,48
f5ae2d10f,73
0b5c8e646,103
139bec7ca,29
db0c2006b,28
7d7a8baeb,25
e88d42b8b,71
b9204c339,103
b273a1ca7,87
4a530e1c1,80
0422f8181,74
6c51e020f,47
3d4a5ad3e,79
c2ad42df9,74
b3acfed2e,103
83b0ea85f,14
c55a2af2f,103
89ef3a121,77
68510e311,102
4c4fda276,103
c1c9a86db,10
e4f8cae75,96
e6798651a,50
7f71b69e8,50
c180f1160,80
bb298dcc5,94
b67bdf3d5,13
eb478b7cb,73
b78e121dc,14
2bddd2904,30
f4dd28145,94
a1ca4c928,4
69bdf9905,24
80d50c469,103
cfdf97182,72
b7882444e,48
570029ba3,77
37b58af62,12
ebc7ae3b0,45
28c5b096e,97
7c9adc043,56
7e1f50feb,73
f718d5fff,102
83bd193a6,90
b2cdea1bc,4
885d5d2ef,93
f2f66f2c0,48
0d7eab0ce,70
562b2d688,59
1b7916b63,102
078233359,50
b9e513369,30
e45a03866,103
aeb1a52fc,51
db2bf0488,74
ea32570af,13
2e7d74e55,24
ed429fccf,49
a5b6a29c8,59
0b9edd8f9,70
d0b48815a,53
eb4bacc7c,5
d8f81ecea,4
c1e7e7867,76
b1391f097,77
88226300c,98
ca9c4b1e1,4
9e011c986,8
a0dfbd411,76
11ed4fed5,29
83abaef21,103
3eaf5a947,4
69af53dca,46
5f274a6ad,103
9e421d059,103
4cf1de29a,74
8e75c9098,90
3b518d13b,94
816ada493,53
df01d58ca,87
436f2b8f1,88
f8aff0cd2,55
9d98f7c9e,103
f9eb9c412,4
0c7c4d0a7,4
888fb3305,68
44903b337,73
42d890962,35
01a3fdd52,73
14d0bc36e,87
fd5cd4e2c,73
4ba2dc197,71
337187c30,67
b8bfa2b50,13
b52c3c500,103
23ea13205,9
8b293a45c,82
b0d0e7cd7,59
369e356df,28
6b47e8357,42
5b89103cf,10
2e21540ac,86
40fc0d8ba,0
a4cd1d43c,67
f0f7de90c,79
fd44aaefd,102
d5ccfad53,49
a5d4584c3,103
deb71b934,48
785f14a23,4
e256b0ce1,67
486715238,7
c5d48fbbf,67
a024aee0f,47
c199140c3,28
589fe7959,28
d6c7e918e,83
e46998f4d,14
dfc9c6a23,103
8a952300f,29
6e4cea791,67
ff889e23b,12
d95bb7f70,46
85f57ce0b,51
0c3928144,8
ef31624e8,29
319090100,77
27bf39b00,91
212081efd,86
cd4b41085,58
2cb2c881e,14
3cb2f9e9c,83
9a4c23eeb,103
50de80a98,68
ba9e33af2,83
e58b03040,72
141fe61d6,9
8af7864d3,73
9a4b0da88,4
8e2b5a31b,0
e7393ca3b,96
53ef32294,80
50a645c94,37
a2606d96b,52
c0de46b28,54
7799eb3ef,48
0d613de49,48
743c74763,90
cb5c98667,102
fc7c304b6,9
e48737634,42
316c28a80,40
5252bf766,90
6cf753c72,72
9bf7190d6,8
dde1f48c9,9
9eac41e56,47
82fdb1afd,103
ab3210eac,75
9b1d44428,68
f250dd64e,103
d6f707315,47
e6609d48b,0
cecc8c55b,86
e33bff353,4
bf3116d78,82
0a7989f52,64
339430425,51
ef9591f3f,47
f92de8523,71
4d1ef02af,57
9ec15c151,74
98e5cf2d2,42
af70c8cc6,48
366a3d04f,75
eec3f5ce2,73
6308fe124,68
e34772216,48
776074cae,52
f90c673f8,68
5586807d4,30
6a0b33f79,30
d7d866216,73
dd754aab9,18
51493dac7,13
3bf2347ab,77
801d0d3c3,75
b145fd2da,38
648319d0a,12
675e1db7e,48
03ac6694b,64
f35bfd300,45
a99ec466c,102
69a8e84ba,86
94c8329af,10
4f1f1670a,102
665bfe8f5,102
5fccfc9b5,95
5e0cdf39d,93
3b9e7a8f5,31
8e5430d77,88
75540546f,10
1972bae11,90
613831ee6,4
b5cc43bfa,73
826712f91,103
6f84aa228,61
7d2f35248,103
c223fc7dd,52
500c28291,62
2a872a9ef,16
943eef63e,42
c46b163d8,40
5de6bcf29,50
e1494fbde,33
328aba75f,1
7d6edd6f1,91
d14992eb2,72
35dbda91b,13
c5f4134e0,102
8cf5bf4df,77
3b3341edb,22
483a8e2d8,30
57a2e8995,30
aeaf5ccbb,77
00c12e4ff,49
b04f7be54,24
da9ed562f,103
329793680,102
fbfd88b1c,49
2449b5518,103
61b1040d7,47
a2d9d460e,43
029c37998,22
805e9a7b0,4
e1e5687f0,4
f509e2cff,0
9d051fef4,50
582a4afd0,77
5f8f53f23,5
6dbf25622,52
30bfe5b05,103
3231b476a,0
2e211accd,10
15bcf0bc5,79
54eb01070,92
1eb6f22d5,48
154f5a75b,75
52491f753,103
cdcb45570,73
7b38952f6,86
12fdb3200,53
f1b51e257,14
929ac8834,49
baf415f07,72
a007c4ce7,36
14024c433,71
0fdb2e372,3
b448720a0,53
cf087fd47,45
3ba519bb8,102
2406dc526,81
d01d8d2fd,45
a1d2cd9b9,73
f2defaf74,49
23e9b2025,49
b687e4bd9,88
fd5eb7e8c,0
2c670a497,67
98b1475af,50
3526d7815,103
6433f1917,67
34438649b,43
3feba0f46,45
c12330d34,48
9ae160f11,91
ea602cdc8,14
92782ef45,102
9944acf36,68
3f7fa081c,74
45a702ee8,62
92a289926,77
78bd1cad3,0
cc98ccc8d,4
92aea1584,58
d81c315b3,48
3dd3823ba,14
4434ef42e,73
e64bd2b5f,29
8967f7f3b,10
fe195b05f,0
21a0ef857,24
cb80e17f2,55
9367b53dc,50
471609fe8,46
086d87731,49
261838dd1,50
67fa9ad3f,4
f8bffd3d7,102
d0a99b293,67
5e287a0e3,75
c980fa8a5,67
9eaf1170e,0
f302f29a2,45
78a91fc04,93
d852da76f,102
9b7ad01b5,48
922e45d33,67
3070a069b,73
e6c3f8ec8,80
fc4e189da,4
43a84d203,18
64581ef78,102
a8de792e9,4
4e4504ced,94
42ed99f8b,67
70501f63a,49
351f462dc,95
3863b7205,49
abb6d81d5,77
c9d5ec522,75
d974a8a25,69
410641125,35
e69a97f86,47
985c8a491,23
1dbaa5744,13
90a369187,0
69a2f544d,88
6b57e5a58,86
7cc60fb22,13
baf87d0e3,63
c4a376520,93
80abd878b,102
f92ea03e2,64
1c7354786,4
5345fc847,103
3e7ae2503,4
c3c540406,14
1abc6d06e,73
1f2621b4c,102
b3cf1a86f,90
690f47487,103
30c74817b,91
37377ab6b,53
6e1842cc3,75
6abdbbd7d,68
817066a16,4
48e65f113,53
0dbbde2b4,103
724560f8b,48
7cff9aa7b,18
8e8f25c31,86
492569251,88
b104b01c3,9
ebd745005,13
e53134336,67
a94c4d821,80
c09ec978c,103
4bfdc5664,103
dd7ae60d1,55
e028101c5,14
78235a81d,43
fef9f8524,78
8361e9b86,91
57c274565,67
9980474e3,49
a534b0f16,86
450dd240e,94
e7b039312,88
cecb3fe1c,75
9403b3f86,103
014809654,93
5bc0988c2,9
e3fc821ef,84
b731c25d6,57
a07779d6c,49
d8f1c6f49,72
be007fe7e,78
5a5cc97ec,19
fdaf286c6,14
a82ca5b13,12
fd3fb66f0,4
3d6f46c76,16
3d5479aca,67
a76840623,4
29ee6d680,53
7514c8182,46
b5eb21e9c,68
f80f02286,102
13fff11ed,70
ad494795d,9
e26d85d35,67
dc8dc1ad0,103
f6d873abc,16
74bec8798,103
fd3bba010,62
8cccd4aa7,4
9af5f572d,9
12d007adc,91
16ad94559,102
f63a9b6fa,103
debf90490,4
444a5e9fe,75
ec55c0f86,4
7cb5e6b99,50
358cb6a28,68
f638a96fd,54
2e0dbcfbb,71
b24b4ecc1,96
3c425da53,14
41a9e2617,0
55da8e5b5,6
47664da16,10
00450d304,46
0db5748ed,4
025960a54,79
aee5c9b93,47
01262c8b3,67
fb85ca687,67
efd7dff01,50
70ef6d8bc,57
916ee9985,13
d482c8cf2,29
285e0bc7e,0
fe7857419,86
004b88e09,95
a9f0935ed,49
62728ae3b,73
197830e87,67
53622739f,86
57b0ac4e3,41
e925b2ba5,67
fabc19e97,77
a94f6dde1,72
388606357,74
08031b106,53
31e5dda95,4
3a17f07b0,18
91433794a,7
8304d7230,49
3cf641526,0
8d36d1fd7,7
ef6a25c92,13
67a4a4d91,23
a7fcb3749,94
4342207cf,67
08820c254,103
57bbb106e,49
96993f959,67
f809ac529,75
c8baf7ea1,90
de996c4a9,42
d71ba33b6,67
bf9e90a5c,8
12fb0107d,72
7f6076e29,2
ea85ab37b,90
9d44bd787,4
a475599ad,14
2d9284433,53
d86ebd20a,4
b0f5e118c,103
224d2ad17,75
69d14fa3b,91
a00b723d8,84
7e53bd3db,46
856565e67,73
64a8fad00,75
ecf64f4f9,67
302e11bd2,92
8d195e4db,73
c232077ef,4
272457fe0,51
117831b8b,83
269695569,20
d0cd8ecb5,47
7089f8683,103
8c39d1b41,33
7a8d95cdd,4
35eb134af,49
1a993f386,73
56cfcf9da,82
dc2ff7073,94
ce60e5f2a,57
6c95b6248,78
71c1f0507,4
32d9fa7d1,71
932aeb630,73
b91ced576,73
b7f261913,82
250af268e,103
c70d94083,77
97dfe0bfb,67
06f00d362,50
6959092b7,53
764a98598,102
b868bcb9b,103
3552b2954,51
a85a06d9b,75
1a40b279c,4
81bb11926,11
57abd6d16,56
54b876ff5,56
2c302c916,35
8228ed988,14
f3b8a1077,73
1ce1a7e34,102
c354e0d67,42
d8f64062f,53
bd6b0dfac,68
815b552f8,50
2c54bc2fb,80
ea6121903,68
0999994cd,8
0af1026b6,103
5d35e5409,82
10b54687f,47
c27d9c294,91
78c19e86d,49
89e147dd6,25
064a230b7,77
2b4605245,95
943e13c28,47
2ec187152,16
f21f7aba6,103
1f38d6778,94
43382559c,0
cd3c07f1e,53
08a78ffc3,12
377abf496,76
ff6213278,11
377240bbd,73
ed849ee3c,101
36d0c85f4,47
30802b47e,73
4a03138df,49
5a86ac765,13
9dfb86d81,48
eed177624,67
0571dcc03,103
0b2640e87,102
2a60639ba,14
e72ba29c5,87
02b01a158,103
2e7fad027,10
374452b3b,8
6953f8992,43
792e61b1e,49
767a87c4e,52
a6e42d0ec,56
b0e07a930,79
1d49676bf,48
e98492667,76
fd1ebe8cb,102
8af4a8896,91
797da59fa,75
39b18554c,67
536c83e57,4
875858dad,4
aaef221e7,48
66cf381b9,77
a4d628083,50
0ed0741d4,53
7d3786848,67
a6ad089f9,47
aa118cbeb,66
6af290ef5,79
631f04e66,48
76e3166a8,77
ab6404be4,29
500c6294c,17
8bae211d3,7
f95d4b24c,65
dc5498af1,15
c2ddc15a6,80
2a608c0db,103
d82a21bbd,93
f9c931893,49
18c7b92b8,41
523df966b,47
52a88af32,9
f267d94cc,71
f1184530f,4
8f76524a3,96
6e08cae12,67
367f0d3ab,79
69e41bdea,49
f969c00cd,29
e6dc466d6,14
5d3f635c6,87
37bd7591f,67
960cb8c40,102
165378703,57
f351a6e43,73
add649c7d,84
8257df18f,91
36b0477d7,49
705344bd8,13
44d4d79f1,53
7b3780a82,3
d25115245,49
c92860c63,48
1c39926e6,103
8846a7457,0
0e62ddf15,4
2cdb115b6,14
05b14593a,48
8fcb4c7e3,53
4f363e9db,68
f84335116,40
6bb4e9d41,48
90452c872,4
fd168583e,4
5ff57970a,4
0e8760c38,103
0a4ddf5c2,72
adacc3a94,39
811add27f,102
74fdf6cc8,12
54281d31a,4
e91cb4f98,7
15b77ba34,43
cd703e25f,53
87c39a44d,74
26806e9cf,71
dd959de66,36
38ea80b60,81
910b97274,67
5b9de4b19,83
06006e0c9,42
892426d11,30
a1ecb0622,66
b2b4ffcd2,72
2f0224a9f,4
9a1c7e11a,53
f5277593f,14
a6e0df6f5,4
81c8c5199,4
23e50dcaf,24
3b71397a9,50
88e6ef51c,46
7c3055bc8,73
80acbf30b,73
06ad3fc5c,5
18377be3f,67
5aafe07bf,4
5ff30ec8b,71
289e5b823,77
4a122e0ad,68
3744d58d1,21
ad6d4b44d,88
f33705a47,4
46f943627,10
9a55c6f1b,103
903bde9b1,49
54b444711,21
d615fd16c,49
ef9f75d12,67
9121b3849,48
211c90566,75
6bd4a7ab4,75
725cc0c4a,73
10c4c8d44,88
7949b71c3,67
3eb77db12,30
1d88115ad,103
1c4ad0e13,0
3dc7bb76a,40
dca3a0787,36
35a08a010,4
0fa462f68,4
3267460df,48
b3541d83a,80
59265d2fa,86
07f8cc8ca,48
f83f81e9c,72
e69fde9d7,4
216703083,45
c2fe4e836,10
245d80d97,4
94e8795c1,47
ad85435d5,4
b651d313e,96
04f9e9721,49
b4a235b93,13
ef65f22fb,87
088864629,56
cbe14bd98,49
fba0bb7e1,68
11b363237,46
161acbde6,4
f029a3429,48
be06b31f4,53
68cd38577,74
86c0fdb4c,82
c298d16b3,77
6a29fea52,10
e4cac2e07,27
dc5ba9ff5,102
eb0d37eab,13
3f39dac7f,1
69930f05d,53
97beecd94,70
5b9059868,59
cd009e1a0,4
f85f090f3,101
437e2a9cf,73
1914b6245,67
1161f79f4,3
27c74d8a8,71
675aad8ff,13
f66e3a446,82
58df72bc0,8
c359190d8,56
789e0279f,24
25b587ccf,4
4e8b618c7,48
2b71757d7,36
edc4d0f73,80
27c66fcb0,102
b382fd54c,90
b30c2d7fb,24
e9294bac5,11
2d6826d81,67
0c4cc8319,13
d4afbe85d,13
fe6889fe9,87
e71ef6701,4
035d2bcd9,103
5eab13f01,46
4ae7d6827,101
7d1794961,47
950a866ca,67
3f36f3f32,0
b41a52def,14
8303a6784,79
1e2c7b899,5
d8a5ce5ff,48
3c401022c,73
6d7b4a632,48
543a799bf,59
bfa9dec26,4
e46dce22e,21
f7457839f,89
1a2ba059a,11
45093c3fd,75
a781c6147,73
1886b234a,103
53fb48abe,93
a42065058,103
fab4eca91,103
909b6223b,8
725611911,40
0e1199571,4
a8d7d90ae,67
812b38844,103
8226b3a56,50
139b1d751,53
b0b2364f5,4
8ce0043be,11
3ebeb5ac6,36
e3d055215,24
1fb364cd2,47
d8c46cf4b,94
565242c3b,58
eea95e8a8,103
20cbfadeb,49
c3bcd37c1,92
8c5ae49a8,68
343bdb4b8,76
51507f7ff,42
0416248e8,103
2a0a14e04,49
bad7b9ba0,49
fac7af031,96
b134d8c5d,67
fb02c411b,94
073a72a81,10
bac490985,67
d6e9bc323,13
8404dd232,79
733de405f,4
884593f79,70
383e2e03e,67
ad77c781f,48
110f7428e,49
05ef686b7,102
be1b79939,4
618ad631e,42
c8d684975,30
c8c92b3d1,49
e881c39e6,30
e44de523d,86
6bff70a64,30
2d10d39ba,67
24cc36b04,44
28ee705b7,49
a959c7034,14
35e87cd85,52
385bb724a,102
1be394776,49
407df102a,70
630ddb37f,75
53a6ecdc4,56
847ffdf2c,89
f8326b046,18
629436111,76
4580f61bb,19
6348a7b61,67
ab35917f7,67
37dea321a,80
086fcc48c,70
90bb2bf7c,43
deb571149,43
6aae558ae,80
75bbc4353,4
f796dac32,51
282e04df1,46
d66f375db,95
5a83e84af,76
f0e0f2a32,101
58bb4ddb2,67
93178e5ac,48
2aba48b93,83
45bd6ecd8,101
cc7981c1e,49
057112f09,103
101551fbc,87
4b86a4171,67
f67795cc5,46
24ef54ca8,74
cb22250ca,79
4a9e8f7f7,4
fe6da2049,29
cc16ab1ba,67
8b5aa768a,103
45c23ce20,86
f3a8be142,67
c7acfdba4,53
8168ee82a,28
7cae1c547,55
e3fb7b8e0,73
cc446554a,102
fd311eab7,103
d90f33907,87
4a608f8ad,49
065c9b5be,59
e2aef08ca,4
4134d5714,67
08ffacb06,103
d0007cc98,13
ac869f858,47
3dd834459,28
fc70a3b37,95
9e9dda9fe,77
fc601ec84,86
1e155978a,4
5752ad3e2,40
0e5e79e60,11
5934fec49,13
510743b2b,39
8024a233d,14
4fa22a6e4,64
4bb5a49ca,36
063528d00,36
5924c5e47,33
09a438bae,9
b79cf00ff,69
f91c76038,103
2ffc025ec,14
1e954dd4c,9
d29cd9c2a,0
a3355967c,48
8ab688113,75
c9ae3ceea,50
aaa8e6d3d,70
e8aba010f,74
a01133fe3,10
9dac30b0c,13
1fa6772be,4
6a273ddf9,68
8a66bd5fb,49
7012b4533,91
4787424e6,5
3901d45a9,103
84b9be4d6,4
cfcd57260,69
70077ecb9,56
c7d865058,48
71c57f5bf,70
2cb6d8130,67
b37712a07,14
a030b3e71,103
ae61e912f,14
1bbcb152a,41
edc4bea12,102
cb225cfe6,74
7165bc7ad,19
53d9b87f7,46
990ca8dc7,103
b7aca2c8a,0
9e4dee17e,14
88de21f46,55
b0c17d5c1,45
bf6653e3f,67
ac63c6d38,29
54d263a8d,0
21c09e349,46
c22e3bf9f,56
10f4c026f,70
c5ab18c87,47
2e494a369,70
db95e1a99,48
d3777d5cb,71
5ec9553ea,79
d17ef4e5e,67
bc4c39336,47
ec80c1413,67
82856ba28,42
dc4f97c9d,78
98dcdf215,10
3dc8e9edf,47
773cb6978,10
4a9a2ca92,103
99536c670,56
ea0b66dd1,60
4a98c96c1,54
623270c63,70
756c7c9c6,49
40073bdcc,67
503c5b1ab,75
109a722a1,9
b86044a66,34
36c65119a,62
79c33f52d,39
ae331a500,67
0693e839e,103
6a664ced1,73
fa0d9a392,80
f9d24e47a,10
f0f7be744,21
787c185b9,67
250f0fa92,48
822b2880f,0
3c1645928,13
93c15dc29,52
cddf33a9c,103
7b6338bee,4
154896ab2,96
2429cadb3,49
64923375e,87
d390d32c0,4
103a4a0e6,67
2d46aba06,73
e95ce8077,71
155f68180,64
3f6b5757a,53
055ca7ae5,67
ed1e5c7aa,44
d30a6e9e5,43
41163300a,91
039b15a83,13
79e573478,88
3ba0b4f6f,82
5574a3c79,71
797d44519,102
d062630fd,11
51b1f6a59,95
9a6716090,67
82b0ce34b,67
3d99a3247,102
75e80fdfe,67
db0212bef,14
d5d2c10fb,55
d06bf1078,45
6a099e4a7,45
f5da36491,4
d12bd1d03,21
e80bee440,90
043666ac5,49
48689d750,58
941dde56a,86
8482cd4e5,73
393d8efdd,56
66574442d,18
048596edf,48
8a223576f,67
9264502a9,57
35b87f500,29
a91c62b42,30
4d42fbb18,4
f69355cc5,75
f0dc59c83,8
bcd68e6b2,31
f58f83775,39
214121cb3,87
5227d80bf,51
bf9efeb37,67
8c59b2b7f,49
d8909ecab,17
bb1e822e8,47
41cbb748c,25
04721ef43,53
4d20e5f0e,29
9c64cb14d,90
b8c82be3f,48
9a6e4aacd,50
c6774c8ab,90
5c66ca3ec,80
c63df66ce,28
149c9e414,103
4198fad68,55
f87390b13,67
ff5d4568e,4
911c029b5,24
36f394d24,63
d20e60a1f,71
878cb5b42,79
897e8e24d,53
7e2ed4d52,30
8f7576edf,13
45ad763cc,1
f938ff523,29
c1e39ffe4,4
f78eecf21,103
f8933e5d2,103
41ffad9d1,76
a21a2c1b2,102
80ceb515c,40
2a158f54c,68
29c460e2b,45
055988ad2,14
cd86aac5a,4
9ca216086,49
6162cab31,56
9d4d22004,68
e34bf0fa4,91
0cfca4a37,46
47f47a868,80
27c1d078f,103
b9b88996b,94
e86e2a592,62
0b9afbdf2,4
8097bc805,76
2f9bf2b8a,84
c245c24bd,59
0f33f1ca9,103
09780bc52,88
0039e54f0,43
53be7448d,67
a6db70773,4
a0925df64,30
30eaaa6c9,87
f2cb54027,10
7dd20f99e,85
45655caf4,80
26d1f0e73,53
8c102e395,81
cbb2dd81a,73
814e0e21e,10
e203d6713,4
f670aa5ac,36
b547b5949,103
0b1ddcd93,75
2eb1d2313,41
cd27460a9,103
88be303e1,7
370fe09fa,32
bfcb81efc,10
e161af94b,103
b52dcfa52,82
4bfdf517d,80
250f30059,103
2abdb1c5c,47
559dc9594,22
dd1e506e4,4
f696ea622,71
6285f24d7,75
8794f7787,16
58605ff84,102
ed43b8e78,102
eec53fb8d,39
4e9ed92fe,48
b87d8fec4,13
4d8731d6a,4
5ecc1c8bc,67
527da06dd,53
bfdf112fe,89
7ba1904a2,75
affce3819,17
2a94eba93,73
b23e435d9,73
25405d6c9,87
c6ce2c1ae,4
0b3a02b48,41
92e74b080,4
083c5dcc2,10
147e5ef99,20
dd4a193be,9
a8efc4d66,36
2fa8f8b85,67
aa12729de,47
43fdb00da,47
65bc00f77,52
9d13c547a,49
529e8c1cc,54
688223573,57
e8d193a43,103
49292d94c,49
217fbb923,50
80468179b,58
babf57037,75
68b83ad56,4
6899ceaca,67
462eb88e2,4
fe1fcc972,53
62a7c181d,73
870b7fc50,49
4c1941cfc,53
9ed93a956,95
679f0dac7,47
4abe117e7,10
065817704,10
89c19cf37,67
47aa985a8,70
13ae95d53,75
af2a02abc,31
4fde9d58f,48
303979023,73
6251c33ea,79
026d342fe,103
f09cc7902,79
f50280136,57
db8b6aeda,103
eae09f119,103
f347c4666,72
84fece524,102
38b929b8d,16
afac3a5b7,53
3c4dd2705,80
894eeb28d,13
6581fb5fb,68
cc055150c,73
0509887de,21
7b38f9919,53
7a8a88b42,4
d1eebfd7a,103
98fae1d61,52
850acae7e,103
9b9e080c5,73
ba757db32,73
4cf202ebb,53
a991b14c8,75
e82bb0f6b,57
f7034380f,70
f6ec8db9e,103
3288217e1,42
37a4efb7a,53
2d1ee50cd,68
d4bfe24fb,46
8ef339ee7,102
4249b8e73,49
9390e29ac,47
7a2a38d8f,28
343f4db58,67
d3ad608e8,52
92d447000,49
06846ff3d,10
a02dbf1a3,21
ae3a8a68d,13
d01f39daf,0
c67210c70,4
47e7d602c,4
c25141a41,97
9ca5d93d0,4
71d39517b,59
2c3a35bfd,67
7cac453ad,94
a2d7f197c,51
d6fba1863,102
ce2335977,85
d2ce72fe0,71
dbe5bf31d,15
14d3647ae,73
2c73bd62a,4
4091cbb29,0
0608f2ec0,4
a7ab2ef02,53
2e478a3cb,53
b5fd14fbf,50
528c13be5,75
74eb03c19,43
4a506053f,75
f938b8711,103
bf16e0cb8,49
85c997028,103
557900fde,103
e33d3b318,36
3acfb71f1,67
523dfab06,103
d8d29bcf8,103
f2a6cb1f9,97
b82a2a3d4,68
5a33a8adb,0
6f9686457,53
9409f8d69,88
67873d67d,74
117122b38,72
e1f2ff623,103
1aacc5bb7,48
a3535e355,53
bd1b3d191,49
0862d460f,103
61e87e199,30
1a751ac8b,15
266ae8451,4
e71ab3905,46
491331146,48
263d09ca7,73
bd0d92568,72
fe2c0a711,4
c18a20c3d,47
4a41ae5e8,83
e964c6dcd,93
e69beeff1,49
2309219de,87
d08be28c6,62
c0e30a258,62
6473786a6,4
6d8432929,49
b6ef5389e,74
4149127b2,86
63a4aed70,50
8a81276fa,14
0d97ef626,67
f38fe4cef,103
acc377b86,41
523ec62fa,13
0555a95db,103
1d03ab65a,75
431a635c0,62
64027156d,67
4719dfcaa,75
47f7f9a06,87
97b161e96,67
452ec84b6,11
6e7b662f3,73
3406f987f,54
56c86b9c0,4
e69ddc9c5,56
20048b328,18
10c568a02,89
f88f94471,77
d853b843c,83
95d50723d,28
f7eede84e,78
f2c6cb2b4,90
83e64f32f,46
88fdcd071,21
6f12632ac,9
e752f8dfa,67
40752b008,103
ecdb603e1,68
5a7f69e51,90
9416364da,49
96cc54a3b,103
6de9b2572,45
509965df0,48
c0ebfe98e,24
3e17385dc,68
20e92f82d,83
7f01686f7,73
488cd2512,86
42f1496d8,4
47499b166,52
64dfb8137,74
bf7e00572,4
9deaf95b1,89
5a2c8645d,52
1dc077696,95
cad0e063f,95
0a383f1bb,47
e799e6e75,4
37cb79b63,4
adb78b73b,48
bfefa1d73,43
c4727766b,4
b8612fa45,75
4e65f53bb,13
1c30e72d1,73
3b932fbd0,95
ff9c8d8ee,14
f3c989c3c,26
7be31a9a0,0
067c659b5,103
f62d1e472,4
0a117eab6,39
6abbdbbe4,76
c931dc74c,88
fa1a492ed,39
2f2b2a1f9,73
6036f3641,95
0a63cce73,103
9f80ffecd,53
a6bda1044,32
7257ec39b,75
1e793aadc,4
599713c6f,91
79272fffe,74
4b8a4a3da,14
d665d6a8c,80
c1f7fad28,53
361e308e0,76
cb9adc4aa,103
9ada0d093,93
bcb18c6e4,103
c762253a3,48
504ce2b94,4
e3542e88d,53
f69e60044,4
8f04c2207,30
38765c6bd,4
67ecf7563,102
7f4a2f594,13
6b1551121,101
c2b8d96b7,4
7ebeaec30,87
385906707,48
f6f3f541d,91
21d31d208,70
c3f6cd0e0,28
656f4c5dd,77
98e101a61,13
d4c65214c,76
36c7c4a64,71
b080d20f2,103
3680129ae,101
dd9f61326,48
258ff457c,102
459d3299b,4
d278a4f7a,49
d4ab600c2,10
bd3464591,79
82d5f6620,68
4cd75e21f,45
2a5df761d,76
0045ce94c,67
028852549,102
92debc194,77
77fbaf59a,64
b0f2342ea,86
818253773,94
6022f99db,21
2a69fa3a2,42
496bb2adb,49
5d0b6dc90,49
b10193db4,44
80e758118,56
179aa8d61,45
91ed2728b,102
cbbc6e017,0
fea37b294,13
00a7a6244,74
36af4c914,4
1caf8b7dc,77
8c66b87c8,67
89ea4a518,51
a1c45a1eb,76
32863f792,4
f7f77acb9,91
7677ecd51,47
20ac1c597,46
6c4b066af,4
728a12444,6
b9feb1bca,93
6bf3d86a6,74
ab78481b6,103
8745560e0,67
98f577627,49
d6cd39e5b,91
b72ac95bc,22
2dfc47c2c,67
7eed3c569,9
8429cc1ab,86
508c39bfa,49
710ee21be,67
37771fa98,66
2a69bcce9,4
47f7fcd87,68
7b6429c7f,59
c3d234832,30
e1b3d72dd,67
7eaa17466,67
1e28c6a4e,41
d18e36dce,75
50df03fb2,103
59f5594d7,13
d913c762d,87
62eba5d4f,102
d7d655c8d,14
5d375ac61,4
e24d7d290,77
2b91acd3b,87
934408cfe,4
504e1695d,14
d85ac7942,14
3756769b5,85
c071b59c2,67
7153f9700,50
3da7aadde,52
0072f64ea,91
fe9040ec8,67
fc220624a,18
1f342e690,75
7dc21298b,103
4fd1724de,10
06a1a191b,49
fa43f67ed,103
7e23f7ad1,37
fbc9ef0f9,62
d1511e64f,12
7cdae8d89,4
bbbc5f9a8,85
983130c4a,53
206696cbf,13
60c188245,67
1f0642fd4,85
5bf457360,103
7e5967223,4
c3bab1104,4
57f44a56f,16
41c27b630,94
c0b653e38,48
4ea7f54f5,91
93b56e886,103
73356bf2d,29
8893d08a2,46
2557c29c7,68
6db4781a7,10
916834e2b,67
7c10f4b8b,76
6b9570949,82
6429d59a3,16
88ab1aed7,71
816ea6eb9,53
1363038b9,77
aaafbe4e9,16
f157a3c6b,49
2ae165ee8,76
03c54f05f,67
f033adb55,72
08c3da1cd,77
5c76c7057,103
0535ccb68,53
f5207be25,67
34aceeacc,40
d34eabf31,67
bb9565c29,11
947bca713,28
fe1669ffd,75
5f84c75f9,7
7db44032e,94
b2004fc1c,68
01597bbec,48
ce72a44fe,102
226ff375e,68
7b1e459ef,48
fb9a6a9b5,67
f811b7fa3,53
07f85cd68,71
3a391563c,93
434079379,75
84a3027c3,51
142929b13,102
7de565519,79
c6bb832b3,103
f76006728,10
fb67e5172,53
671ad3443,67
7ac6f5ed5,4
c93ecfaeb,30
9a167fc40,103
6ba2f9b54,13
9e87cc8f0,10
1fe1115ee,102
4e933f65c,67
9cb714943,4
76bb433ee,88
26914358f,41
0cf33d505,49
44af20a55,88
6273f48ef,14
3875d3601,40
c404b8c8e,79
